{
    "model": "rnn",
    "lang": "es",
    "train_args": {
        "epochs": 5,
        "batch_size": 32,
        "eval_batch_size": 16,
        "warmup_ratio": 0.1,
        "limit": null,
        "bidirectional": true,
        "embeddings_path": "embeddings/tweet_dim_300_ws_5.bin"
    },
    "evaluations": {
        "emotion": [
            {
                "test_neg_f1": 0.6763806939125061,
                "test_neg_precision": 0.6315428018569946,
                "test_neg_recall": 0.7502799034118652,
                "test_neu_f1": 0.4896838963031769,
                "test_neu_precision": 0.5449613332748413,
                "test_neu_recall": 0.47308167815208435,
                "test_pos_f1": 0.2883490324020386,
                "test_pos_precision": 0.3498310148715973,
                "test_pos_recall": 0.2636989653110504,
                "test_micro_f1": 0.6857483386993408,
                "test_acc": 0.6857483386993408,
                "test_macro_f1": 0.4848046600818634,
                "test_macro_precision": 0.50877845287323,
                "test_macro_recall": 0.4956868886947632
            },
            {
                "test_neg_f1": 0.677618682384491,
                "test_neg_precision": 0.6284913420677185,
                "test_neg_recall": 0.7554737329483032,
                "test_neu_f1": 0.488595187664032,
                "test_neu_precision": 0.5572541952133179,
                "test_neu_recall": 0.46237513422966003,
                "test_pos_f1": 0.30538997054100037,
                "test_pos_precision": 0.3347928524017334,
                "test_pos_recall": 0.29580435156822205,
                "test_micro_f1": 0.683959424495697,
                "test_acc": 0.683959424495697,
                "test_macro_f1": 0.4905346632003784,
                "test_macro_precision": 0.5068462491035461,
                "test_macro_recall": 0.504551112651825
            },
            {
                "test_neg_f1": 0.6744418740272522,
                "test_neg_precision": 0.6259583830833435,
                "test_neg_recall": 0.7510262131690979,
                "test_neu_f1": 0.5045424103736877,
                "test_neu_precision": 0.547930896282196,
                "test_neu_recall": 0.4943729043006897,
                "test_pos_f1": 0.2469807267189026,
                "test_pos_precision": 0.3268001973628998,
                "test_pos_recall": 0.22168448567390442,
                "test_micro_f1": 0.6779963970184326,
                "test_acc": 0.6779963970184326,
                "test_macro_f1": 0.4753217399120331,
                "test_macro_precision": 0.5002298951148987,
                "test_macro_recall": 0.4890279173851013
            },
            {
                "test_neg_f1": 0.6781916618347168,
                "test_neg_precision": 0.6254178881645203,
                "test_neg_recall": 0.7611207962036133,
                "test_neu_f1": 0.487930566072464,
                "test_neu_precision": 0.5565521121025085,
                "test_neu_recall": 0.4594685733318329,
                "test_pos_f1": 0.2703104615211487,
                "test_pos_precision": 0.3307493329048157,
                "test_pos_recall": 0.24517902731895447,
                "test_micro_f1": 0.6809779405593872,
                "test_acc": 0.6809779405593872,
                "test_macro_f1": 0.4788109362125397,
                "test_macro_precision": 0.5042398571968079,
                "test_macro_recall": 0.4885895252227783
            },
            {
                "test_neg_f1": 0.6738436222076416,
                "test_neg_precision": 0.6471940279006958,
                "test_neg_recall": 0.7200415134429932,
                "test_neu_f1": 0.5260879397392273,
                "test_neu_precision": 0.5375456213951111,
                "test_neu_recall": 0.5411772727966309,
                "test_pos_f1": 0.29496845602989197,
                "test_pos_precision": 0.3464876711368561,
                "test_pos_recall": 0.2764650285243988,
                "test_micro_f1": 0.6893261671066284,
                "test_acc": 0.6893261671066284,
                "test_macro_f1": 0.49830007553100586,
                "test_macro_precision": 0.5104091763496399,
                "test_macro_recall": 0.5125612020492554
            },
            {
                "test_neg_f1": 0.6720898151397705,
                "test_neg_precision": 0.6424494981765747,
                "test_neg_recall": 0.7280811071395874,
                "test_neu_f1": 0.49277016520500183,
                "test_neu_precision": 0.5563658475875854,
                "test_neu_recall": 0.47267383337020874,
                "test_pos_f1": 0.27903348207473755,
                "test_pos_precision": 0.3405628204345703,
                "test_pos_recall": 0.2622626721858978,
                "test_micro_f1": 0.6791890263557434,
                "test_acc": 0.6791890263557434,
                "test_macro_f1": 0.48129788041114807,
                "test_macro_precision": 0.5131260752677917,
                "test_macro_recall": 0.4876725375652313
            },
            {
                "test_neg_f1": 0.6755579113960266,
                "test_neg_precision": 0.6140987873077393,
                "test_neg_recall": 0.772580087184906,
                "test_neu_f1": 0.4782907962799072,
                "test_neu_precision": 0.5810719132423401,
                "test_neu_recall": 0.4306291341781616,
                "test_pos_f1": 0.2673036754131317,
                "test_pos_precision": 0.3207803964614868,
                "test_pos_recall": 0.24731533229351044,
                "test_micro_f1": 0.6845557689666748,
                "test_acc": 0.6845557689666748,
                "test_macro_f1": 0.47371751070022583,
                "test_macro_precision": 0.5053170323371887,
                "test_macro_recall": 0.4835081100463867
            },
            {
                "test_neg_f1": 0.6815432906150818,
                "test_neg_precision": 0.6285427212715149,
                "test_neg_recall": 0.7674176096916199,
                "test_neu_f1": 0.5022997856140137,
                "test_neu_precision": 0.5590360164642334,
                "test_neu_recall": 0.483940452337265,
                "test_pos_f1": 0.2336084395647049,
                "test_pos_precision": 0.29258596897125244,
                "test_pos_recall": 0.2139807790517807,
                "test_micro_f1": 0.6869409680366516,
                "test_acc": 0.6869409680366516,
                "test_macro_f1": 0.47248396277427673,
                "test_macro_precision": 0.4933883249759674,
                "test_macro_recall": 0.48844626545906067
            },
            {
                "test_neg_f1": 0.6717572212219238,
                "test_neg_precision": 0.6325209140777588,
                "test_neg_recall": 0.7369769811630249,
                "test_neu_f1": 0.5160736441612244,
                "test_neu_precision": 0.5596816539764404,
                "test_neu_recall": 0.5078791379928589,
                "test_pos_f1": 0.30555346608161926,
                "test_pos_precision": 0.36595484614372253,
                "test_pos_recall": 0.28244689106941223,
                "test_micro_f1": 0.682766854763031,
                "test_acc": 0.682766854763031,
                "test_macro_f1": 0.4977948069572449,
                "test_macro_precision": 0.519385814666748,
                "test_macro_recall": 0.5091010332107544
            },
            {
                "test_neg_f1": 0.6760963797569275,
                "test_neg_precision": 0.6131776571273804,
                "test_neg_recall": 0.774745762348175,
                "test_neu_f1": 0.4781649112701416,
                "test_neu_precision": 0.5545932650566101,
                "test_neu_recall": 0.44020137190818787,
                "test_pos_f1": 0.2365812361240387,
                "test_pos_precision": 0.29258596897125244,
                "test_pos_recall": 0.21522356569766998,