{
    "model": "rnn",
    "lang": "es",
    "train_args": {
        "epochs": 5,
        "batch_size": 32,
        "eval_batch_size": 16,
        "warmup_ratio": 0.1,
        "limit": null,
        "bidirectional": true,
        "embeddings_path": "embeddings/cc.es.300.bin"
    },
    "evaluations": {
        "emotion": [
            {
                "test_neg_f1": 0.6780025959014893,
                "test_neg_precision": 0.6103934049606323,
                "test_neg_recall": 0.7856879234313965,
                "test_neu_f1": 0.4430144429206848,
                "test_neu_precision": 0.5232228636741638,
                "test_neu_recall": 0.4127974212169647,
                "test_pos_f1": 0.2482689768075943,
                "test_pos_precision": 0.32325300574302673,
                "test_pos_recall": 0.22317828238010406,
                "test_micro_f1": 0.6601073145866394,
                "test_acc": 0.6601073145866394,
                "test_macro_f1": 0.45642873644828796,
                "test_macro_precision": 0.48562315106391907,
                "test_macro_recall": 0.4738878607749939
            },
            {
                "test_neg_f1": 0.6677494049072266,
                "test_neg_precision": 0.6098491549491882,
                "test_neg_recall": 0.7629536986351013,
                "test_neu_f1": 0.4398327171802521,
                "test_neu_precision": 0.4839574694633484,
                "test_neu_recall": 0.43189704418182373,
                "test_pos_f1": 0.2464594691991806,
                "test_pos_precision": 0.32024481892585754,
                "test_pos_recall": 0.22110654413700104,
                "test_micro_f1": 0.6487776041030884,
                "test_acc": 0.6487776041030884,
                "test_macro_f1": 0.4513472020626068,
                "test_macro_precision": 0.47135046124458313,
                "test_macro_recall": 0.4719858169555664
            },
            {
                "test_neg_f1": 0.6713343262672424,
                "test_neg_precision": 0.6013516783714294,
                "test_neg_recall": 0.7835630178451538,
                "test_neu_f1": 0.431656152009964,
                "test_neu_precision": 0.5238382816314697,
                "test_neu_recall": 0.3953205347061157,
                "test_pos_f1": 0.21555514633655548,
                "test_pos_precision": 0.2816959023475647,
                "test_pos_recall": 0.19595222175121307,
                "test_micro_f1": 0.6565295457839966,
                "test_acc": 0.6565295457839966,
                "test_macro_f1": 0.43951526284217834,
                "test_macro_precision": 0.4689619243144989,
                "test_macro_recall": 0.4582786560058594
            },
            {
                "test_neg_f1": 0.6689996719360352,
                "test_neg_precision": 0.6026037335395813,
                "test_neg_recall": 0.7767114043235779,
                "test_neu_f1": 0.4298466145992279,
                "test_neu_precision": 0.5082058906555176,
                "test_neu_recall": 0.3952556252479553,
                "test_pos_f1": 0.2191648930311203,
                "test_pos_precision": 0.28368115425109863,
                "test_pos_recall": 0.19867756962776184,
                "test_micro_f1": 0.6547406315803528,
                "test_acc": 0.6547406315803528,
                "test_macro_f1": 0.4393371045589447,
                "test_macro_precision": 0.4648303687572479,
                "test_macro_recall": 0.4568815231323242
            },
            {
                "test_neg_f1": 0.6684152483940125,
                "test_neg_precision": 0.6028038859367371,
                "test_neg_recall": 0.7745795249938965,
                "test_neu_f1": 0.4365839660167694,
                "test_neu_precision": 0.5033397674560547,
                "test_neu_recall": 0.40807580947875977,
                "test_pos_f1": 0.25216591358184814,
                "test_pos_precision": 0.31612515449523926,
                "test_pos_recall": 0.22947509586811066,
                "test_micro_f1": 0.6589147448539734,
                "test_acc": 0.6589147448539734,
                "test_macro_f1": 0.4523884057998657,
                "test_macro_precision": 0.4740895628929138,
                "test_macro_recall": 0.47071021795272827
            },
            {
                "test_neg_f1": 0.6649104952812195,
                "test_neg_precision": 0.5907015204429626,
                "test_neg_recall": 0.7870586514472961,
                "test_neu_f1": 0.4253559410572052,
                "test_neu_precision": 0.50894695520401,
                "test_neu_recall": 0.3866220712661743,
                "test_pos_f1": 0.21484676003456116,
                "test_pos_precision": 0.28805646300315857,
                "test_pos_recall": 0.18967126309871674,
                "test_micro_f1": 0.6493738889694214,
                "test_acc": 0.6493738889694214,
                "test_macro_f1": 0.4350377321243286,
                "test_macro_precision": 0.46256840229034424,
                "test_macro_recall": 0.4544506371021271
            },
            {
                "test_neg_f1": 0.6685728430747986,
                "test_neg_precision": 0.6086891889572144,
                "test_neg_recall": 0.7697288990020752,
                "test_neu_f1": 0.4381139278411865,
                "test_neu_precision": 0.5044984221458435,
                "test_neu_recall": 0.4119979441165924,
                "test_pos_f1": 0.21187055110931396,
                "test_pos_precision": 0.28622540831565857,
                "test_pos_recall": 0.1871863305568695,
                "test_micro_f1": 0.6475849747657776,
                "test_acc": 0.6475849747657776,
                "test_macro_f1": 0.43951913714408875,
                "test_macro_precision": 0.4664710760116577,
                "test_macro_recall": 0.4563044011592865
            },
            {
                "test_neg_f1": 0.668088436126709,
                "test_neg_precision": 0.5983458757400513,
                "test_neg_recall": 0.781051516532898,
                "test_neu_f1": 0.43480241298675537,
                "test_neu_precision": 0.5216084122657776,
                "test_neu_recall": 0.3993387818336487,
                "test_pos_f1": 0.21672077476978302,
                "test_pos_precision": 0.2886106073856354,
                "test_pos_recall": 0.19199778139591217,
                "test_micro_f1": 0.652951717376709,
                "test_acc": 0.652951717376709,
                "test_macro_f1": 0.43987053632736206,
                "test_macro_precision": 0.4695216417312622,
                "test_macro_recall": 0.4574626386165619
            },
            {
                "test_neg_f1": 0.672868549823761,
                "test_neg_precision": 0.6174107789993286,
                "test_neg_recall": 0.7618891000747681,
                "test_neu_f1": 0.4359549283981323,
                "test_neu_precision": 0.5406008362770081,
                "test_neu_recall": 0.3993757367134094,
                "test_pos_f1": 0.28437861800193787,
                "test_pos_precision": 0.34383392333984375,
                "test_pos_recall": 0.26363620162010193,
                "test_micro_f1": 0.6607036590576172,
                "test_acc": 0.6607036590576172,
                "test_macro_f1": 0.4644007384777069,
                "test_macro_precision": 0.5006151795387268,
                "test_macro_recall": 0.47496700286865234
            },
            {
                "test_neg_f1": 0.6638239622116089,
                "test_neg_precision": 0.5938739776611328,
                "test_neg_recall": 0.7839636206626892,
                "test_neu_f1": 0.4399554133415222,
                "test_neu_precision": 0.5067356824874878,
                "test_neu_recall": 0.4132693111896515,
                "test_pos_f1": 0.2163304090499878,
                "test_pos_precision": 0.29637959599494934,
                "test_pos_recall": 0.18204255402088165,