{
    "model": "rnn",
    "lang": "es",
    "train_args": {
        "epochs": 5,
        "batch_size": 32,
        "eval_batch_size": 16,
        "warmup_ratio": 0.1,
        "limit": null,
        "bidirectional": true,
        "embeddings_path": "embeddings/cc.es.300.bin"
    },
    "evaluations": {
        "emotion": [
            {
                "test_neg_f1": 0.6678835153579712,
                "test_neg_precision": 0.6000494956970215,
                "test_neg_recall": 0.7757108807563782,
                "test_neu_f1": 0.4101228415966034,
                "test_neu_precision": 0.5236313939094543,
                "test_neu_recall": 0.36782488226890564,
                "test_pos_f1": 0.24480904638767242,
                "test_pos_precision": 0.29663360118865967,
                "test_pos_recall": 0.22554656863212585,
                "test_micro_f1": 0.653548002243042,
                "test_acc": 0.653548002243042,
                "test_macro_f1": 0.4409385025501251,
                "test_macro_precision": 0.4734380841255188,
                "test_macro_recall": 0.4563608467578888
            },
            {
                "test_neg_f1": 0.6753789782524109,
                "test_neg_precision": 0.6102449893951416,
                "test_neg_recall": 0.7795534729957581,
                "test_neu_f1": 0.42483359575271606,
                "test_neu_precision": 0.5026863217353821,
                "test_neu_recall": 0.3944532573223114,
                "test_pos_f1": 0.2214992642402649,
                "test_pos_precision": 0.29593145847320557,
                "test_pos_recall": 0.19522300362586975,
                "test_micro_f1": 0.6559332013130188,
                "test_acc": 0.6559332013130188,
                "test_macro_f1": 0.4405706524848938,
                "test_macro_precision": 0.469620943069458,
                "test_macro_recall": 0.45640993118286133
            },
            {
                "test_neg_f1": 0.6713024973869324,
                "test_neg_precision": 0.6100980043411255,
                "test_neg_recall": 0.7721405029296875,
                "test_neu_f1": 0.45481568574905396,
                "test_neu_precision": 0.5086531043052673,
                "test_neu_recall": 0.43769368529319763,
                "test_pos_f1": 0.2701781690120697,
                "test_pos_precision": 0.3301132917404175,
                "test_pos_recall": 0.24647584557533264,
                "test_micro_f1": 0.66428142786026,
                "test_acc": 0.66428142786026,
                "test_macro_f1": 0.4654321074485779,
                "test_macro_precision": 0.4829549193382263,
                "test_macro_recall": 0.48543667793273926
            },
            {
                "test_neg_f1": 0.6593974828720093,
                "test_neg_precision": 0.5907754302024841,
                "test_neg_recall": 0.7734339833259583,
                "test_neu_f1": 0.42873820662498474,
                "test_neu_precision": 0.49904417991638184,
                "test_neu_recall": 0.3999777138233185,
                "test_pos_f1": 0.21291781961917877,
                "test_pos_precision": 0.29056215286254883,
                "test_pos_recall": 0.184783473610878,
                "test_micro_f1": 0.643410861492157,
                "test_acc": 0.643410861492157,
                "test_macro_f1": 0.4336845278739929,
                "test_macro_precision": 0.4601273238658905,
                "test_macro_recall": 0.45273178815841675
            },
            {
                "test_neg_f1": 0.6659228801727295,
                "test_neg_precision": 0.5943098664283752,
                "test_neg_recall": 0.7894669771194458,
                "test_neu_f1": 0.4247604310512543,
                "test_neu_precision": 0.5345522165298462,
                "test_neu_recall": 0.3807854652404785,
                "test_pos_f1": 0.2211703360080719,
                "test_pos_precision": 0.30010300874710083,
                "test_pos_recall": 0.18861745297908783,
                "test_micro_f1": 0.6422182321548462,
                "test_acc": 0.6422182321548462,
                "test_macro_f1": 0.43728458881378174,
                "test_macro_precision": 0.4763217866420746,
                "test_macro_recall": 0.4529567062854767
            },
            {
                "test_neg_f1": 0.6703219413757324,
                "test_neg_precision": 0.6033990979194641,
                "test_neg_recall": 0.7789477705955505,
                "test_neu_f1": 0.42568138241767883,
                "test_neu_precision": 0.5291370749473572,
                "test_neu_recall": 0.37899577617645264,
                "test_pos_f1": 0.25649774074554443,
                "test_pos_precision": 0.32197949290275574,
                "test_pos_recall": 0.23241157829761505,
                "test_micro_f1": 0.654144287109375,
                "test_acc": 0.654144287109375,
                "test_macro_f1": 0.45083364844322205,
                "test_macro_precision": 0.4848385453224182,
                "test_macro_recall": 0.46345168352127075
            },
            {
                "test_neg_f1": 0.6702670454978943,
                "test_neg_precision": 0.5952242612838745,
                "test_neg_recall": 0.7940980195999146,
                "test_neu_f1": 0.4151052236557007,
                "test_neu_precision": 0.533706784248352,
                "test_neu_recall": 0.3654502034187317,
                "test_pos_f1": 0.24003899097442627,
                "test_pos_precision": 0.28876960277557373,
                "test_pos_recall": 0.2286454439163208,
                "test_micro_f1": 0.653548002243042,
                "test_acc": 0.653548002243042,
                "test_macro_f1": 0.4418037533760071,
                "test_macro_precision": 0.4725668728351593,
                "test_macro_recall": 0.4627312421798706
            },
            {
                "test_neg_f1": 0.6740759015083313,
                "test_neg_precision": 0.5991162657737732,
                "test_neg_recall": 0.7992207407951355,
                "test_neu_f1": 0.4334618151187897,
                "test_neu_precision": 0.5298309326171875,
                "test_neu_recall": 0.39045408368110657,
                "test_pos_f1": 0.18039469420909882,
                "test_pos_precision": 0.2573908269405365,
                "test_pos_recall": 0.15434135496616364,
                "test_micro_f1": 0.644603431224823,
                "test_acc": 0.644603431224823,
                "test_macro_f1": 0.4293108880519867,
                "test_macro_precision": 0.462112694978714,
                "test_macro_recall": 0.4480053186416626
            },
            {
                "test_neg_f1": 0.6717906594276428,
                "test_neg_precision": 0.6062160134315491,
                "test_neg_recall": 0.776677668094635,
                "test_neu_f1": 0.45320966839790344,
                "test_neu_precision": 0.522310733795166,
                "test_neu_recall": 0.4240522086620331,
                "test_pos_f1": 0.252742737531662,
                "test_pos_precision": 0.3188955783843994,
                "test_pos_recall": 0.23495589196681976,
                "test_micro_f1": 0.6618962287902832,
                "test_acc": 0.6618962287902832,
                "test_macro_f1": 0.45924773812294006,
                "test_macro_precision": 0.482474148273468,
                "test_macro_recall": 0.4785618484020233
            },
            {
                "test_neg_f1": 0.6710420250892639,
                "test_neg_precision": 0.6025012135505676,
                "test_neg_recall": 0.7832711935043335,
                "test_neu_f1": 0.4149048328399658,
                "test_neu_precision": 0.4981272220611572,
                "test_neu_recall": 0.3840392827987671,
                "test_pos_f1": 0.22408032417297363,
                "test_pos_precision": 0.2802262306213379,
                "test_pos_recall": 0.20527036488056183,