{
    "model": "rnn",
    "lang": "es",
    "train_args": {
        "epochs": 5,
        "batch_size": 32,
        "eval_batch_size": 16,
        "warmup_ratio": 0.1,
        "limit": null,
        "bidirectional": true,
        "embeddings_path": "embeddings/tweet_dim_300_ws_5.bin"
    },
    "evaluations": {
        "emotion": [
            {
                "test_neg_f1": 0.6744152307510376,
                "test_neg_precision": 0.6391039490699768,
                "test_neg_recall": 0.7350596189498901,
                "test_neu_f1": 0.48516175150871277,
                "test_neu_precision": 0.5774854421615601,
                "test_neu_recall": 0.4510991871356964,
                "test_pos_f1": 0.28569498658180237,
                "test_pos_precision": 0.33551979064941406,
                "test_pos_recall": 0.27331405878067017,
                "test_micro_f1": 0.6791890263557434,
                "test_acc": 0.6791890263557434,
                "test_macro_f1": 0.48175740242004395,
                "test_macro_precision": 0.5173697471618652,
                "test_macro_recall": 0.486490935087204
            },
            {
                "test_neg_f1": 0.676093578338623,
                "test_neg_precision": 0.6342059969902039,
                "test_neg_recall": 0.744238555431366,
                "test_neu_f1": 0.5123206973075867,
                "test_neu_precision": 0.5635328888893127,
                "test_neu_recall": 0.5033318996429443,
                "test_pos_f1": 0.30623364448547363,
                "test_pos_precision": 0.3689127266407013,
                "test_pos_recall": 0.28179189562797546,
                "test_micro_f1": 0.683959424495697,
                "test_acc": 0.683959424495697,
                "test_macro_f1": 0.4982159733772278,
                "test_macro_precision": 0.5222172737121582,
                "test_macro_recall": 0.5097875595092773
            },
            {
                "test_neg_f1": 0.6804489493370056,
                "test_neg_precision": 0.6176363229751587,
                "test_neg_recall": 0.7836304306983948,
                "test_neu_f1": 0.48021113872528076,
                "test_neu_precision": 0.5650538802146912,
                "test_neu_recall": 0.44024020433425903,
                "test_pos_f1": 0.25711342692375183,
                "test_pos_precision": 0.3307493329048157,
                "test_pos_recall": 0.2313896268606186,
                "test_micro_f1": 0.6803816556930542,
                "test_acc": 0.6803816556930542,
                "test_macro_f1": 0.47259122133255005,
                "test_macro_precision": 0.5044799447059631,
                "test_macro_recall": 0.48508673906326294
            },
            {
                "test_neg_f1": 0.6705594658851624,
                "test_neg_precision": 0.6386427879333496,
                "test_neg_recall": 0.7269572615623474,
                "test_neu_f1": 0.4915277659893036,
                "test_neu_precision": 0.5512756705284119,
                "test_neu_recall": 0.46938738226890564,
                "test_pos_f1": 0.28703364729881287,
                "test_pos_precision": 0.34542757272720337,
                "test_pos_recall": 0.27055221796035767,
                "test_micro_f1": 0.6744186282157898,
                "test_acc": 0.6744186282157898,
                "test_macro_f1": 0.48304033279418945,
                "test_macro_precision": 0.5117820501327515,
                "test_macro_recall": 0.48896563053131104
            },
            {
                "test_neg_f1": 0.6696422100067139,
                "test_neg_precision": 0.6307035088539124,
                "test_neg_recall": 0.7327848076820374,
                "test_neu_f1": 0.47788605093955994,
                "test_neu_precision": 0.5524181127548218,
                "test_neu_recall": 0.44839468598365784,
                "test_pos_f1": 0.2717371881008148,
                "test_pos_precision": 0.32263556122779846,
                "test_pos_recall": 0.2549290955066681,
                "test_micro_f1": 0.6756111979484558,
                "test_acc": 0.6756111979484558,
                "test_macro_f1": 0.4730885922908783,
                "test_macro_precision": 0.5019190311431885,
                "test_macro_recall": 0.4787028431892395
            },
            {
                "test_neg_f1": 0.6764376163482666,
                "test_neg_precision": 0.6302741169929504,
                "test_neg_recall": 0.7497059106826782,
                "test_neu_f1": 0.49136844277381897,
                "test_neu_precision": 0.5566290020942688,
                "test_neu_recall": 0.46278947591781616,
                "test_pos_f1": 0.28524571657180786,
                "test_pos_precision": 0.34428828954696655,
                "test_pos_recall": 0.2657420337200165,
                "test_micro_f1": 0.683959424495697,
                "test_acc": 0.683959424495697,
                "test_macro_f1": 0.48435068130493164,
                "test_macro_precision": 0.5103971362113953,
                "test_macro_recall": 0.49274587631225586
            },
            {
                "test_neg_f1": 0.6740236282348633,
                "test_neg_precision": 0.6328545808792114,
                "test_neg_recall": 0.741558313369751,
                "test_neu_f1": 0.5064507126808167,
                "test_neu_precision": 0.5351272225379944,
                "test_neu_recall": 0.5100979208946228,
                "test_pos_f1": 0.2824392318725586,
                "test_pos_precision": 0.3307493329048157,
                "test_pos_recall": 0.2604287266731262,
                "test_micro_f1": 0.6845557689666748,
                "test_acc": 0.6845557689666748,
                "test_macro_f1": 0.487637996673584,
                "test_macro_precision": 0.4995770752429962,
                "test_macro_recall": 0.5040282607078552
            },
            {
                "test_neg_f1": 0.6801003813743591,
                "test_neg_precision": 0.6286640763282776,
                "test_neg_recall": 0.7625325322151184,
                "test_neu_f1": 0.48591285943984985,
                "test_neu_precision": 0.5550177097320557,
                "test_neu_recall": 0.4573085904121399,
                "test_pos_f1": 0.2596491575241089,
                "test_pos_precision": 0.3104444444179535,
                "test_pos_recall": 0.24123814702033997,
                "test_micro_f1": 0.683363139629364,
                "test_acc": 0.683363139629364,
                "test_macro_f1": 0.4752209186553955,
                "test_macro_precision": 0.4980419874191284,
                "test_macro_recall": 0.4870264530181885
            },
            {
                "test_neg_f1": 0.6755771636962891,
                "test_neg_precision": 0.6175701022148132,
                "test_neg_recall": 0.7674570083618164,
                "test_neu_f1": 0.47629857063293457,
                "test_neu_precision": 0.566483199596405,
                "test_neu_recall": 0.43271929025650024,
                "test_pos_f1": 0.24824923276901245,
                "test_pos_precision": 0.31166765093803406,
                "test_pos_recall": 0.22472141683101654,
                "test_micro_f1": 0.6756111979484558,
                "test_acc": 0.6756111979484558,
                "test_macro_f1": 0.46670833230018616,
                "test_macro_precision": 0.4985736906528473,
                "test_macro_recall": 0.4749659299850464
            },
            {
                "test_neg_f1": 0.6808052062988281,
                "test_neg_precision": 0.6131815910339355,
                "test_neg_recall": 0.7886242270469666,
                "test_neu_f1": 0.4786597192287445,
                "test_neu_precision": 0.5879523754119873,
                "test_neu_recall": 0.423035204410553,
                "test_pos_f1": 0.2587217390537262,
                "test_pos_precision": 0.3084873557090759,
                "test_pos_recall": 0.23988133668899536,