{
    "model": "ffn",
    "lang": "es",
    "train_args": {
        "epochs": 5,
        "batch_size": 32,
        "eval_batch_size": 16,
        "warmup_ratio": 0.1,
        "limit": null,
        "embeddings_path": "embeddings/cc.es.300.bin"
    },
    "evaluations": {
        "emotion": [
            {
                "test_neg_f1": 0.6477857232093811,
                "test_neg_precision": 0.5585709810256958,
                "test_neg_recall": 0.8147693276405334,
                "test_neu_f1": 0.35674476623535156,
                "test_neu_precision": 0.45746850967407227,
                "test_neu_recall": 0.3196338713169098,
                "test_pos_f1": 0.1349601447582245,
                "test_pos_precision": 0.19022493064403534,
                "test_pos_recall": 0.12600253522396088,
                "test_micro_f1": 0.5897436141967773,
                "test_acc": 0.5897436141967773,
                "test_macro_f1": 0.37983018159866333,
                "test_macro_precision": 0.40208813548088074,
                "test_macro_recall": 0.42013534903526306
            },
            {
                "test_neg_f1": 0.6468430757522583,
                "test_neg_precision": 0.5583157539367676,
                "test_neg_recall": 0.8124721050262451,
                "test_neu_f1": 0.3552718162536621,
                "test_neu_precision": 0.45755934715270996,
                "test_neu_recall": 0.31669822335243225,
                "test_pos_f1": 0.12881889939308167,
                "test_pos_precision": 0.17341487109661102,
                "test_pos_recall": 0.12218619883060455,
                "test_micro_f1": 0.5873583555221558,
                "test_acc": 0.5873583555221558,
                "test_macro_f1": 0.3769778609275818,
                "test_macro_precision": 0.39642995595932007,
                "test_macro_recall": 0.4171189069747925
            },
            {
                "test_neg_f1": 0.6475166082382202,
                "test_neg_precision": 0.5583125352859497,
                "test_neg_recall": 0.8147693276405334,
                "test_neu_f1": 0.35729506611824036,
                "test_neu_precision": 0.46028944849967957,
                "test_neu_recall": 0.3206939697265625,
                "test_pos_f1": 0.13517947494983673,
                "test_pos_precision": 0.19249656796455383,
                "test_pos_recall": 0.12600253522396088,
                "test_micro_f1": 0.5897436141967773,
                "test_acc": 0.5897436141967773,
                "test_macro_f1": 0.37999701499938965,
                "test_macro_precision": 0.40369948744773865,
                "test_macro_recall": 0.4204886853694916
            },
            {
                "test_neg_f1": 0.6477667093276978,
                "test_neg_precision": 0.5598241090774536,
                "test_neg_recall": 0.8124158978462219,
                "test_neu_f1": 0.3584164083003998,
                "test_neu_precision": 0.45135438442230225,
                "test_neu_recall": 0.32552674412727356,
                "test_pos_f1": 0.12881889939308167,
                "test_pos_precision": 0.17341487109661102,
                "test_pos_recall": 0.12218619883060455,
                "test_micro_f1": 0.5891472697257996,
                "test_acc": 0.5891472697257996,
                "test_macro_f1": 0.37833401560783386,
                "test_macro_precision": 0.39486441016197205,
                "test_macro_recall": 0.42004308104515076
            },
            {
                "test_neg_f1": 0.6488277912139893,
                "test_neg_precision": 0.5599632263183594,
                "test_neg_recall": 0.8147693276405334,
                "test_neu_f1": 0.35941001772880554,
                "test_neu_precision": 0.4581499993801117,
                "test_neu_recall": 0.3228764832019806,
                "test_pos_f1": 0.1349601447582245,
                "test_pos_precision": 0.19022493064403534,
                "test_pos_recall": 0.12600253522396088,
                "test_micro_f1": 0.5915324687957764,
                "test_acc": 0.5915324687957764,
                "test_macro_f1": 0.3810659945011139,
                "test_macro_precision": 0.40277937054634094,
                "test_macro_recall": 0.4212162494659424
            },
            {
                "test_neg_f1": 0.6469019651412964,
                "test_neg_precision": 0.5576592683792114,
                "test_neg_recall": 0.814624011516571,
                "test_neu_f1": 0.3497801721096039,
                "test_neu_precision": 0.4537127614021301,
                "test_neu_recall": 0.3127809762954712,
                "test_pos_f1": 0.12881889939308167,
                "test_pos_precision": 0.17341487109661102,
                "test_pos_recall": 0.12218619883060455,
                "test_micro_f1": 0.5867620706558228,
                "test_acc": 0.5867620706558228,
                "test_macro_f1": 0.37516701221466064,
                "test_macro_precision": 0.3949289917945862,
                "test_macro_recall": 0.41653046011924744
            },
            {
                "test_neg_f1": 0.6471165418624878,
                "test_neg_precision": 0.5600413680076599,
                "test_neg_recall": 0.810635507106781,
                "test_neu_f1": 0.3606839179992676,
                "test_neu_precision": 0.4521074593067169,
                "test_neu_recall": 0.3310718238353729,
                "test_pos_f1": 0.12881889939308167,
                "test_pos_precision": 0.17341487109661102,
                "test_pos_recall": 0.12218619883060455,
                "test_micro_f1": 0.5879546999931335,
                "test_acc": 0.5879546999931335,
                "test_macro_f1": 0.37887313961982727,
                "test_macro_precision": 0.3951878845691681,
                "test_macro_recall": 0.42129793763160706
            },
            {
                "test_neg_f1": 0.6479966044425964,
                "test_neg_precision": 0.5598718523979187,
                "test_neg_recall": 0.8132721781730652,
                "test_neu_f1": 0.35827943682670593,
                "test_neu_precision": 0.45218729972839355,
                "test_neu_recall": 0.3244042992591858,
                "test_pos_f1": 0.13517947494983673,
                "test_pos_precision": 0.19249656796455383,
                "test_pos_recall": 0.12600253522396088,
                "test_micro_f1": 0.5897436141967773,
                "test_acc": 0.5897436141967773,
                "test_macro_f1": 0.3804851174354553,
                "test_macro_precision": 0.4015185236930847,
                "test_macro_recall": 0.421226441860199
            },
            {
                "test_neg_f1": 0.6471538543701172,
                "test_neg_precision": 0.559150755405426,
                "test_neg_recall": 0.8124158978462219,
                "test_neu_f1": 0.3565177023410797,
                "test_neu_precision": 0.45180460810661316,
                "test_neu_recall": 0.32399654388427734,
                "test_pos_f1": 0.13517947494983673,
                "test_pos_precision": 0.19249656796455383,
                "test_pos_recall": 0.12600253522396088,
                "test_micro_f1": 0.5885509848594666,
                "test_acc": 0.5885509848594666,
                "test_macro_f1": 0.37961700558662415,
                "test_macro_precision": 0.401150643825531,
                "test_macro_recall": 0.4208051264286041
            },
            {
                "test_neg_f1": 0.6452879309654236,
                "test_neg_precision": 0.5584346055984497,
                "test_neg_recall": 0.8080741763114929,
                "test_neu_f1": 0.35475391149520874,
                "test_neu_precision": 0.44930580258369446,
                "test_neu_recall": 0.32146865129470825,
                "test_pos_f1": 0.1305035948753357,
                "test_pos_precision": 0.17105375230312347,
                "test_pos_recall": 0.12509867548942566,