{
    "model": "ffn",
    "lang": "es",
    "train_args": {
        "epochs": 5,
        "batch_size": 32,
        "eval_batch_size": 16,
        "warmup_ratio": 0.1,
        "limit": null,
        "embeddings_path": "embeddings/tweet_dim_300_ws_5.bin"
    },
    "evaluations": {
        "emotion": [
            {
                "test_neg_f1": 0.6571213006973267,
                "test_neg_precision": 0.5753825306892395,
                "test_neg_recall": 0.802547037601471,
                "test_neu_f1": 0.41612786054611206,
                "test_neu_precision": 0.5536767840385437,
                "test_neu_recall": 0.3712013065814972,
                "test_pos_f1": 0.14154845476150513,
                "test_pos_precision": 0.17730072140693665,
                "test_pos_recall": 0.12361298501491547,
                "test_micro_f1": 0.633870005607605,
                "test_acc": 0.633870005607605,
                "test_macro_f1": 0.40493258833885193,
                "test_macro_precision": 0.4354534447193146,
                "test_macro_recall": 0.43245378136634827
            },
            {
                "test_neg_f1": 0.6577636003494263,
                "test_neg_precision": 0.576500415802002,
                "test_neg_recall": 0.8022764921188354,
                "test_neu_f1": 0.41621118783950806,
                "test_neu_precision": 0.5376438498497009,
                "test_neu_recall": 0.38063615560531616,
                "test_pos_f1": 0.1435186117887497,
                "test_pos_precision": 0.17756575345993042,
                "test_pos_recall": 0.12623153626918793,
                "test_micro_f1": 0.6350626349449158,
                "test_acc": 0.6350626349449158,
                "test_macro_f1": 0.4058311879634857,
                "test_macro_precision": 0.4305700659751892,
                "test_macro_recall": 0.436381459236145
            },
            {
                "test_neg_f1": 0.6556142568588257,
                "test_neg_precision": 0.5774324536323547,
                "test_neg_recall": 0.7951152920722961,
                "test_neu_f1": 0.4197542667388916,
                "test_neu_precision": 0.5342922210693359,
                "test_neu_recall": 0.3862016797065735,
                "test_pos_f1": 0.14317362010478973,
                "test_pos_precision": 0.17756575345993042,
                "test_pos_recall": 0.12563523650169373,
                "test_micro_f1": 0.633273720741272,
                "test_acc": 0.633273720741272,
                "test_macro_f1": 0.40618079900741577,
                "test_macro_precision": 0.4297634959220886,
                "test_macro_recall": 0.4356507956981659
            },
            {
                "test_neg_f1": 0.6567274332046509,
                "test_neg_precision": 0.5765030980110168,
                "test_neg_recall": 0.799268364906311,
                "test_neu_f1": 0.4215626120567322,
                "test_neu_precision": 0.5378104448318481,
                "test_neu_recall": 0.3865423798561096,
                "test_pos_f1": 0.14257223904132843,
                "test_pos_precision": 0.17860175669193268,
                "test_pos_recall": 0.12420929223299026,
                "test_micro_f1": 0.633273720741272,
                "test_acc": 0.633273720741272,
                "test_macro_f1": 0.40695416927337646,
                "test_macro_precision": 0.43097177147865295,
                "test_macro_recall": 0.4366733431816101
            },
            {
                "test_neg_f1": 0.6573296785354614,
                "test_neg_precision": 0.5725446343421936,
                "test_neg_recall": 0.8088767528533936,
                "test_neu_f1": 0.4107820391654968,
                "test_neu_precision": 0.5609487891197205,
                "test_neu_recall": 0.3642961382865906,
                "test_pos_f1": 0.13990332186222076,
                "test_pos_precision": 0.1777309775352478,
                "test_pos_recall": 0.12087517976760864,
                "test_micro_f1": 0.6302921772003174,
                "test_acc": 0.6302921772003174,
                "test_macro_f1": 0.402671754360199,
                "test_macro_precision": 0.43707478046417236,
                "test_macro_recall": 0.43134939670562744
            },
            {
                "test_neg_f1": 0.6584256291389465,
                "test_neg_precision": 0.574429988861084,
                "test_neg_recall": 0.8089208602905273,
                "test_neu_f1": 0.4151931703090668,
                "test_neu_precision": 0.555087149143219,
                "test_neu_recall": 0.367613285779953,
                "test_pos_f1": 0.16063015162944794,
                "test_pos_precision": 0.19638241827487946,
                "test_pos_recall": 0.14269468188285828,
                "test_micro_f1": 0.6326773762702942,
                "test_acc": 0.6326773762702942,
                "test_macro_f1": 0.41141632199287415,
                "test_macro_precision": 0.44196653366088867,
                "test_macro_recall": 0.4397430121898651
            },
            {
                "test_neg_f1": 0.6616809964179993,
                "test_neg_precision": 0.5737234354019165,
                "test_neg_recall": 0.8186364769935608,
                "test_neu_f1": 0.4100080132484436,
                "test_neu_precision": 0.5660343766212463,
                "test_neu_recall": 0.358544260263443,
                "test_pos_f1": 0.1640225350856781,
                "test_pos_precision": 0.19950969517230988,
                "test_pos_recall": 0.14531323313713074,
                "test_micro_f1": 0.6362552046775818,
                "test_acc": 0.6362552046775818,
                "test_macro_f1": 0.41190388798713684,
                "test_macro_precision": 0.4464225172996521,
                "test_macro_recall": 0.44083139300346375
            },
            {
                "test_neg_f1": 0.6571768522262573,
                "test_neg_precision": 0.5764886140823364,
                "test_neg_recall": 0.8004724979400635,
                "test_neu_f1": 0.4194437563419342,
                "test_neu_precision": 0.5526745319366455,
                "test_neu_recall": 0.3762897849082947,
                "test_pos_f1": 0.1609751284122467,
                "test_pos_precision": 0.19638241827487946,
                "test_pos_recall": 0.14329098165035248,
                "test_micro_f1": 0.634466290473938,
                "test_acc": 0.634466290473938,
                "test_macro_f1": 0.41253188252449036,
                "test_macro_precision": 0.4418485164642334,
                "test_macro_recall": 0.4400177299976349
            },
            {
                "test_neg_f1": 0.658176600933075,
                "test_neg_precision": 0.5788243412971497,
                "test_neg_recall": 0.7986449599266052,
                "test_neu_f1": 0.4251404404640198,
                "test_neu_precision": 0.5574449896812439,
                "test_neu_recall": 0.380106121301651,
                "test_pos_f1": 0.17369626462459564,
                "test_pos_precision": 0.21546411514282227,
                "test_pos_recall": 0.15283183753490448,
                "test_micro_f1": 0.6374478340148926,
                "test_acc": 0.6374478340148926,
                "test_macro_f1": 0.41900449991226196,
                "test_macro_precision": 0.45057785511016846,
                "test_macro_recall": 0.4438609778881073
            },
            {
                "test_neg_f1": 0.6581264138221741,
                "test_neg_precision": 0.5744185447692871,
                "test_neg_recall": 0.8071253299713135,
                "test_neu_f1": 0.4153677821159363,
                "test_neu_precision": 0.549872875213623,
                "test_neu_recall": 0.37051916122436523,
                "test_pos_f1": 0.14331567287445068,
                "test_pos_precision": 0.18016298115253448,
                "test_pos_recall": 0.12420929223299026,