{
    "model": "rnn",
    "lang": "es",
    "train_args": {
        "epochs": 5,
        "batch_size": 32,
        "eval_batch_size": 16,
        "warmup_ratio": 0.1,
        "limit": null,
        "embeddings_path": "embeddings/tweet_dim_300_ws_5.bin"
    },
    "evaluations": {
        "emotion": [
            {
                "test_neg_f1": 0.6738254427909851,
                "test_neg_precision": 0.6496355533599854,
                "test_neg_recall": 0.720629870891571,
                "test_neu_f1": 0.5326324701309204,
                "test_neu_precision": 0.5350543856620789,
                "test_neu_recall": 0.5612991452217102,
                "test_pos_f1": 0.30490896105766296,
                "test_pos_precision": 0.3432319462299347,
                "test_pos_recall": 0.2931157946586609,
                "test_micro_f1": 0.6887298822402954,
                "test_acc": 0.6887298822402954,
                "test_macro_f1": 0.5037890672683716,
                "test_macro_precision": 0.5093073844909668,
                "test_macro_recall": 0.5250149369239807
            },
            {
                "test_neg_f1": 0.6740394234657288,
                "test_neg_precision": 0.6379880309104919,
                "test_neg_recall": 0.735629677772522,
                "test_neu_f1": 0.5222803354263306,
                "test_neu_precision": 0.5436781644821167,
                "test_neu_recall": 0.5335878133773804,
                "test_pos_f1": 0.24960777163505554,
                "test_pos_precision": 0.30939605832099915,
                "test_pos_recall": 0.227274090051651,
                "test_micro_f1": 0.6809779405593872,
                "test_acc": 0.6809779405593872,
                "test_macro_f1": 0.4819759130477905,
                "test_macro_precision": 0.49702078104019165,
                "test_macro_recall": 0.49883049726486206
            },
            {
                "test_neg_f1": 0.671772301197052,
                "test_neg_precision": 0.6410216093063354,
                "test_neg_recall": 0.7268289923667908,
                "test_neu_f1": 0.5278958082199097,
                "test_neu_precision": 0.5364478230476379,
                "test_neu_recall": 0.5511108636856079,
                "test_pos_f1": 0.27223196625709534,
                "test_pos_precision": 0.3279666006565094,
                "test_pos_recall": 0.25317901372909546,
                "test_micro_f1": 0.6881335973739624,
                "test_acc": 0.6881335973739624,
                "test_macro_f1": 0.49063345789909363,
                "test_macro_precision": 0.5018120408058167,
                "test_macro_recall": 0.5103728771209717
            },
            {
                "test_neg_f1": 0.6759722828865051,
                "test_neg_precision": 0.6448274254798889,
                "test_neg_recall": 0.7310686707496643,
                "test_neu_f1": 0.5257538557052612,
                "test_neu_precision": 0.5214940309524536,
                "test_neu_recall": 0.5587225556373596,
                "test_pos_f1": 0.2617826461791992,
                "test_pos_precision": 0.3080592453479767,
                "test_pos_recall": 0.24162520468235016,
                "test_micro_f1": 0.6845557689666748,
                "test_acc": 0.6845557689666748,
                "test_macro_f1": 0.4878362715244293,
                "test_macro_precision": 0.4914604425430298,
                "test_macro_recall": 0.5104721188545227
            },
            {
                "test_neg_f1": 0.6680140495300293,
                "test_neg_precision": 0.636673629283905,
                "test_neg_recall": 0.7249341607093811,
                "test_neu_f1": 0.5288196802139282,
                "test_neu_precision": 0.5310118198394775,
                "test_neu_recall": 0.5606019496917725,
                "test_pos_f1": 0.2560369670391083,
                "test_pos_precision": 0.3291592001914978,
                "test_pos_recall": 0.2292468249797821,
                "test_micro_f1": 0.6785927414894104,
                "test_acc": 0.6785927414894104,
                "test_macro_f1": 0.48429030179977417,
                "test_macro_precision": 0.4989483654499054,
                "test_macro_recall": 0.5049276351928711
            },
            {
                "test_neg_f1": 0.6705735921859741,
                "test_neg_precision": 0.643449068069458,
                "test_neg_recall": 0.7225519418716431,
                "test_neu_f1": 0.5249832272529602,
                "test_neu_precision": 0.5268583297729492,
                "test_neu_recall": 0.5529050827026367,
                "test_pos_f1": 0.26421058177948,
                "test_pos_precision": 0.32847774028778076,
                "test_pos_recall": 0.24285756051540375,
                "test_micro_f1": 0.6851520538330078,
                "test_acc": 0.6851520538330078,
                "test_macro_f1": 0.48658910393714905,
                "test_macro_precision": 0.4995950758457184,
                "test_macro_recall": 0.5061048865318298
            },
            {
                "test_neg_f1": 0.6732615828514099,
                "test_neg_precision": 0.6440742611885071,
                "test_neg_recall": 0.726896345615387,
                "test_neu_f1": 0.5332920551300049,
                "test_neu_precision": 0.5304434895515442,
                "test_neu_recall": 0.5683907270431519,
                "test_pos_f1": 0.27770209312438965,
                "test_pos_precision": 0.326774001121521,
                "test_pos_recall": 0.25852054357528687,
                "test_micro_f1": 0.6863446831703186,
                "test_acc": 0.6863446831703186,
                "test_macro_f1": 0.49475184082984924,
                "test_macro_precision": 0.500430703163147,
                "test_macro_recall": 0.5179358124732971
            },
            {
                "test_neg_f1": 0.6641352772712708,
                "test_neg_precision": 0.6354457139968872,
                "test_neg_recall": 0.7167015075683594,
                "test_neu_f1": 0.5258513689041138,
                "test_neu_precision": 0.5086547136306763,
                "test_neu_recall": 0.569847822189331,
                "test_pos_f1": 0.274099737405777,
                "test_pos_precision": 0.3271409273147583,
                "test_pos_recall": 0.2543065845966339,
                "test_micro_f1": 0.6809779405593872,
                "test_acc": 0.6809779405593872,
                "test_macro_f1": 0.4880288243293762,
                "test_macro_precision": 0.49041375517845154,
                "test_macro_recall": 0.513618528842926
            },
            {
                "test_neg_f1": 0.6673102974891663,
                "test_neg_precision": 0.6568272113800049,
                "test_neg_recall": 0.6980201601982117,
                "test_neu_f1": 0.5203590393066406,
                "test_neu_precision": 0.4844909608364105,
                "test_neu_recall": 0.5883017778396606,
                "test_pos_f1": 0.2761344313621521,
                "test_pos_precision": 0.326774001121521,
                "test_pos_recall": 0.2586449980735779,
                "test_micro_f1": 0.6815742254257202,
                "test_acc": 0.6815742254257202,
                "test_macro_f1": 0.4879346191883087,
                "test_macro_precision": 0.4893642067909241,
                "test_macro_recall": 0.514988899230957
            },
            {
                "test_neg_f1": 0.6765429973602295,
                "test_neg_precision": 0.64529949426651,
                "test_neg_recall": 0.7335830926895142,
                "test_neu_f1": 0.5263860821723938,
                "test_neu_precision": 0.524720311164856,
                "test_neu_recall": 0.5545788407325745,
                "test_pos_f1": 0.2741040587425232,
                "test_pos_precision": 0.3254488706588745,
                "test_pos_recall": 0.2562147378921509,
                "test_micro_f1": 0.6887298822402954,