{
    "model": "rnn",
    "lang": "es",
    "train_args": {
        "epochs": 5,
        "batch_size": 32,
        "eval_batch_size": 16,
        "warmup_ratio": 0.1,
        "limit": null,
        "embeddings_path": "embeddings/tweet_dim_300_ws_5.bin"
    },
    "evaluations": {
        "emotion": [
            {
                "test_neg_f1": 0.6752952337265015,
                "test_neg_precision": 0.6497535705566406,
                "test_neg_recall": 0.7264318466186523,
                "test_neu_f1": 0.5238341093063354,
                "test_neu_precision": 0.5111134052276611,
                "test_neu_recall": 0.566906750202179,
                "test_pos_f1": 0.25685620307922363,
                "test_pos_precision": 0.3104444444179535,
                "test_pos_recall": 0.23791247606277466,
                "test_micro_f1": 0.6857483386993408,
                "test_acc": 0.6857483386993408,
                "test_macro_f1": 0.48532840609550476,
                "test_macro_precision": 0.49043717980384827,
                "test_macro_recall": 0.5104170441627502
            },
            {
                "test_neg_f1": 0.6705273389816284,
                "test_neg_precision": 0.6453407406806946,
                "test_neg_recall": 0.7188626527786255,
                "test_neu_f1": 0.5310027599334717,
                "test_neu_precision": 0.517879068851471,
                "test_neu_recall": 0.5764912366867065,
                "test_pos_f1": 0.2799209952354431,
                "test_pos_precision": 0.32465383410453796,
                "test_pos_recall": 0.2657555937767029,
                "test_micro_f1": 0.6851520538330078,
                "test_acc": 0.6851520538330078,
                "test_macro_f1": 0.493817001581192,
                "test_macro_precision": 0.4959578812122345,
                "test_macro_recall": 0.520369827747345
            },
            {
                "test_neg_f1": 0.6716875433921814,
                "test_neg_precision": 0.6142736673355103,
                "test_neg_recall": 0.7669830322265625,
                "test_neu_f1": 0.5021138787269592,
                "test_neu_precision": 0.55149906873703,
                "test_neu_recall": 0.48500967025756836,
                "test_pos_f1": 0.2433413863182068,
                "test_pos_precision": 0.3100775182247162,
                "test_pos_recall": 0.22020721435546875,
                "test_micro_f1": 0.6785927414894104,
                "test_acc": 0.6785927414894104,
                "test_macro_f1": 0.4723809063434601,
                "test_macro_precision": 0.49195024371147156,
                "test_macro_recall": 0.4907333552837372
            },
            {
                "test_neg_f1": 0.6729811429977417,
                "test_neg_precision": 0.6386433839797974,
                "test_neg_recall": 0.733808159828186,
                "test_neu_f1": 0.5249910950660706,
                "test_neu_precision": 0.5173625349998474,
                "test_neu_recall": 0.5593586564064026,
                "test_pos_f1": 0.26662883162498474,
                "test_pos_precision": 0.3295261561870575,
                "test_pos_recall": 0.2421712875366211,
                "test_micro_f1": 0.6863446831703186,
                "test_acc": 0.6863446831703186,
                "test_macro_f1": 0.4882003366947174,
                "test_macro_precision": 0.4951775074005127,
                "test_macro_recall": 0.511779248714447
            },
            {
                "test_neg_f1": 0.6786362528800964,
                "test_neg_precision": 0.6415936350822449,
                "test_neg_recall": 0.7430665493011475,
                "test_neu_f1": 0.5114402770996094,
                "test_neu_precision": 0.5176913738250732,
                "test_neu_recall": 0.5364011526107788,
                "test_pos_f1": 0.2704757750034332,
                "test_pos_precision": 0.3264559805393219,
                "test_pos_recall": 0.2510962188243866,
                "test_micro_f1": 0.6863446831703186,
                "test_acc": 0.6863446831703186,
                "test_macro_f1": 0.4868507385253906,
                "test_macro_precision": 0.4952470362186432,
                "test_macro_recall": 0.5101878643035889
            },
            {
                "test_neg_f1": 0.6720529198646545,
                "test_neg_precision": 0.636551022529602,
                "test_neg_recall": 0.7373784780502319,
                "test_neu_f1": 0.5283769965171814,
                "test_neu_precision": 0.5402777194976807,
                "test_neu_recall": 0.5484192967414856,
                "test_pos_f1": 0.2656683623790741,
                "test_pos_precision": 0.3291592001914978,
                "test_pos_recall": 0.2400149255990982,
                "test_micro_f1": 0.683363139629364,
                "test_acc": 0.683363139629364,
                "test_macro_f1": 0.4886993169784546,
                "test_macro_precision": 0.5019960999488831,
                "test_macro_recall": 0.5086042284965515
            },
            {
                "test_neg_f1": 0.6733351349830627,
                "test_neg_precision": 0.6420163512229919,
                "test_neg_recall": 0.7295761704444885,
                "test_neu_f1": 0.5210014581680298,
                "test_neu_precision": 0.5195875763893127,
                "test_neu_recall": 0.5494492053985596,
                "test_pos_f1": 0.26495152711868286,
                "test_pos_precision": 0.3271147310733795,
                "test_pos_recall": 0.2414015233516693,
                "test_micro_f1": 0.683363139629364,
                "test_acc": 0.683363139629364,
                "test_macro_f1": 0.4864293038845062,
                "test_macro_precision": 0.49623966217041016,
                "test_macro_recall": 0.5068089962005615
            },
            {
                "test_neg_f1": 0.6674522757530212,
                "test_neg_precision": 0.6446762681007385,
                "test_neg_recall": 0.7186420559883118,
                "test_neu_f1": 0.5342230200767517,
                "test_neu_precision": 0.513705849647522,
                "test_neu_recall": 0.5837072134017944,
                "test_pos_f1": 0.27370432019233704,
                "test_pos_precision": 0.3271949291229248,
                "test_pos_recall": 0.2558426260948181,
                "test_micro_f1": 0.6875372529029846,
                "test_acc": 0.6875372529029846,
                "test_macro_f1": 0.4917932152748108,
                "test_macro_precision": 0.4951923191547394,
                "test_macro_recall": 0.5193971395492554
            },
            {
                "test_neg_f1": 0.669721782207489,
                "test_neg_precision": 0.6451114416122437,
                "test_neg_recall": 0.7170900106430054,
                "test_neu_f1": 0.5318179130554199,
                "test_neu_precision": 0.5183894038200378,
                "test_neu_recall": 0.5748093128204346,
                "test_pos_f1": 0.2781752943992615,
                "test_pos_precision": 0.3230636715888977,
                "test_pos_recall": 0.26424506306648254,
                "test_micro_f1": 0.6857483386993408,
                "test_acc": 0.6857483386993408,
                "test_macro_f1": 0.4932383596897125,
                "test_macro_precision": 0.49552157521247864,
                "test_macro_recall": 0.5187146663665771
            },
            {
                "test_neg_f1": 0.6737658381462097,
                "test_neg_precision": 0.6422727108001709,
                "test_neg_recall": 0.7316979765892029,
                "test_neu_f1": 0.5223766565322876,
                "test_neu_precision": 0.5195503234863281,
                "test_neu_recall": 0.5527252554893494,
                "test_pos_f1": 0.27196091413497925,
                "test_pos_precision": 0.3291592001914978,
                "test_pos_recall": 0.24751271307468414,
                "test_micro_f1": 0.6845557689666748,