{
    "model": "rnn",
    "lang": "es",
    "train_args": {
        "epochs": 5,
        "batch_size": 32,
        "eval_batch_size": 16,
        "warmup_ratio": 0.1,
        "limit": null,
        "embeddings_path": "embeddings/cc.es.300.bin"
    },
    "evaluations": {
        "emotion": [
            {
                "test_neg_f1": 0.6596832275390625,
                "test_neg_precision": 0.5984693765640259,
                "test_neg_recall": 0.7647031545639038,
                "test_neu_f1": 0.4364984929561615,
                "test_neu_precision": 0.48345237970352173,
                "test_neu_recall": 0.4235978424549103,
                "test_pos_f1": 0.23277676105499268,
                "test_pos_precision": 0.30725860595703125,
                "test_pos_recall": 0.20727750658988953,
                "test_micro_f1": 0.6469886898994446,
                "test_acc": 0.6469886898994446,
                "test_macro_f1": 0.4429861307144165,
                "test_macro_precision": 0.4630601108074188,
                "test_macro_recall": 0.46519288420677185
            },
            {
                "test_neg_f1": 0.667867124080658,
                "test_neg_precision": 0.6171415448188782,
                "test_neg_recall": 0.7527101039886475,
                "test_neu_f1": 0.4470858573913574,
                "test_neu_precision": 0.49021247029304504,
                "test_neu_recall": 0.43956923484802246,
                "test_pos_f1": 0.27571746706962585,
                "test_pos_precision": 0.32199427485466003,
                "test_pos_recall": 0.271355539560318,
                "test_micro_f1": 0.6583184003829956,
                "test_acc": 0.6583184003829956,
                "test_macro_f1": 0.4635569155216217,
                "test_macro_precision": 0.47644945979118347,
                "test_macro_recall": 0.48787832260131836
            },
            {
                "test_neg_f1": 0.6640132069587708,
                "test_neg_precision": 0.6108958125114441,
                "test_neg_recall": 0.7535697221755981,
                "test_neu_f1": 0.43114137649536133,
                "test_neu_precision": 0.4727114737033844,
                "test_neu_recall": 0.4269581437110901,
                "test_pos_f1": 0.24772335588932037,
                "test_pos_precision": 0.30131280422210693,
                "test_pos_recall": 0.23272031545639038,
                "test_micro_f1": 0.6523553729057312,
                "test_acc": 0.6523553729057312,
                "test_macro_f1": 0.4476260244846344,
                "test_macro_precision": 0.46164003014564514,
                "test_macro_recall": 0.47108280658721924
            },
            {
                "test_neg_f1": 0.659388542175293,
                "test_neg_precision": 0.6019768714904785,
                "test_neg_recall": 0.7551858425140381,
                "test_neu_f1": 0.43104588985443115,
                "test_neu_precision": 0.48304903507232666,
                "test_neu_recall": 0.4175216555595398,
                "test_pos_f1": 0.25331154465675354,
                "test_pos_precision": 0.3206784427165985,
                "test_pos_recall": 0.2324419468641281,
                "test_micro_f1": 0.6475849747657776,
                "test_acc": 0.6475849747657776,
                "test_macro_f1": 0.44791531562805176,
                "test_macro_precision": 0.4685681462287903,
                "test_macro_recall": 0.46838313341140747
            },
            {
                "test_neg_f1": 0.6626554727554321,
                "test_neg_precision": 0.6074997782707214,
                "test_neg_recall": 0.7579411268234253,
                "test_neu_f1": 0.44125106930732727,
                "test_neu_precision": 0.4598681628704071,
                "test_neu_recall": 0.45029935240745544,
                "test_pos_f1": 0.22298723459243774,
                "test_pos_precision": 0.2899116277694702,
                "test_pos_recall": 0.19796599447727203,
                "test_micro_f1": 0.6505664587020874,
                "test_acc": 0.6505664587020874,
                "test_macro_f1": 0.44229796528816223,
                "test_macro_precision": 0.45242658257484436,
                "test_macro_recall": 0.46873557567596436
            },
            {
                "test_neg_f1": 0.6642570495605469,
                "test_neg_precision": 0.6127360463142395,
                "test_neg_recall": 0.7518327236175537,
                "test_neu_f1": 0.4317593574523926,
                "test_neu_precision": 0.47850486636161804,
                "test_neu_recall": 0.42322009801864624,
                "test_pos_f1": 0.23434790968894958,
                "test_pos_precision": 0.28749752044677734,
                "test_pos_recall": 0.21755540370941162,
                "test_micro_f1": 0.6565295457839966,
                "test_acc": 0.6565295457839966,
                "test_macro_f1": 0.44345489144325256,
                "test_macro_precision": 0.4595794677734375,
                "test_macro_recall": 0.4642028510570526
            },
            {
                "test_neg_f1": 0.66507488489151,
                "test_neg_precision": 0.6119755506515503,
                "test_neg_recall": 0.7546696066856384,
                "test_neu_f1": 0.44189175963401794,
                "test_neu_precision": 0.4856807291507721,
                "test_neu_recall": 0.43437469005584717,
                "test_pos_f1": 0.2699696719646454,
                "test_pos_precision": 0.32814276218414307,
                "test_pos_recall": 0.253635972738266,
                "test_micro_f1": 0.654144287109375,
                "test_acc": 0.654144287109375,
                "test_macro_f1": 0.4589787721633911,
                "test_macro_precision": 0.47526633739471436,
                "test_macro_recall": 0.48089340329170227
            },
            {
                "test_neg_f1": 0.664045512676239,
                "test_neg_precision": 0.6145833134651184,
                "test_neg_recall": 0.7463527917861938,
                "test_neu_f1": 0.43413618206977844,
                "test_neu_precision": 0.47427839040756226,
                "test_neu_recall": 0.4261745810508728,
                "test_pos_f1": 0.25642862915992737,
                "test_pos_precision": 0.30872827768325806,
                "test_pos_recall": 0.2483833134174347,
                "test_micro_f1": 0.6547406315803528,
                "test_acc": 0.6547406315803528,
                "test_macro_f1": 0.45153677463531494,
                "test_macro_precision": 0.46586331725120544,
                "test_macro_recall": 0.4736368954181671
            },
            {
                "test_neg_f1": 0.6628530025482178,
                "test_neg_precision": 0.6035606265068054,
                "test_neg_recall": 0.761267364025116,
                "test_neu_f1": 0.4219999313354492,
                "test_neu_precision": 0.4921382665634155,
                "test_neu_recall": 0.3962245583534241,
                "test_pos_f1": 0.25376030802726746,
                "test_pos_precision": 0.30157023668289185,
                "test_pos_recall": 0.246848464012146,
                "test_micro_f1": 0.654144287109375,
                "test_acc": 0.654144287109375,
                "test_macro_f1": 0.4462044835090637,
                "test_macro_precision": 0.4657564163208008,
                "test_macro_recall": 0.46811360120773315
            },
            {
                "test_neg_f1": 0.6651788353919983,
                "test_neg_precision": 0.6075685620307922,
                "test_neg_recall": 0.7609323859214783,
                "test_neu_f1": 0.4465240240097046,
                "test_neu_precision": 0.5012041330337524,
                "test_neu_recall": 0.4304633140563965,
                "test_pos_f1": 0.24844366312026978,
                "test_pos_precision": 0.3122583031654358,
                "test_pos_recall": 0.23164179921150208,