{
    "model": "rnn",
    "lang": "es",
    "train_args": {
        "epochs": 5,
        "batch_size": 32,
        "eval_batch_size": 16,
        "warmup_ratio": 0.1,
        "limit": null,
        "embeddings_path": "embeddings/cc.es.300.bin"
    },
    "evaluations": {
        "emotion": [
            {
                "test_neg_f1": 0.6600831747055054,
                "test_neg_precision": 0.6063933968544006,
                "test_neg_recall": 0.7512258887290955,
                "test_neu_f1": 0.4502734839916229,
                "test_neu_precision": 0.5027087926864624,
                "test_neu_recall": 0.4370260238647461,
                "test_pos_f1": 0.2539293169975281,
                "test_pos_precision": 0.31152310967445374,
                "test_pos_recall": 0.23813724517822266,
                "test_micro_f1": 0.6559332013130188,
                "test_acc": 0.6559332013130188,
                "test_macro_f1": 0.45476192235946655,
                "test_macro_precision": 0.473541796207428,
                "test_macro_recall": 0.4754631519317627
            },
            {
                "test_neg_f1": 0.6526756286621094,
                "test_neg_precision": 0.5937449336051941,
                "test_neg_recall": 0.7551637887954712,
                "test_neu_f1": 0.420150488615036,
                "test_neu_precision": 0.4769451916217804,
                "test_neu_recall": 0.3994956910610199,
                "test_pos_f1": 0.23668991029262543,
                "test_pos_precision": 0.2981514632701874,
                "test_pos_recall": 0.2153884321451187,
                "test_micro_f1": 0.6380441188812256,
                "test_acc": 0.6380441188812256,
                "test_macro_f1": 0.4365052878856659,
                "test_macro_precision": 0.45628052949905396,
                "test_macro_recall": 0.4566826820373535
            },
            {
                "test_neg_f1": 0.6673107743263245,
                "test_neg_precision": 0.6097151637077332,
                "test_neg_recall": 0.7665455937385559,
                "test_neu_f1": 0.45576924085617065,
                "test_neu_precision": 0.500596821308136,
                "test_neu_recall": 0.44681984186172485,
                "test_pos_f1": 0.2526940703392029,
                "test_pos_precision": 0.3136364221572876,
                "test_pos_recall": 0.23253202438354492,
                "test_micro_f1": 0.6601073145866394,
                "test_acc": 0.6601073145866394,
                "test_macro_f1": 0.45859137177467346,
                "test_macro_precision": 0.4746495485305786,
                "test_macro_recall": 0.4819658696651459
            },
            {
                "test_neg_f1": 0.662923276424408,
                "test_neg_precision": 0.6035129427909851,
                "test_neg_recall": 0.7638084888458252,
                "test_neu_f1": 0.4479292333126068,
                "test_neu_precision": 0.4868451952934265,
                "test_neu_recall": 0.4378220736980438,
                "test_pos_f1": 0.24513599276542664,
                "test_pos_precision": 0.3068564534187317,
                "test_pos_recall": 0.22597667574882507,
                "test_micro_f1": 0.6553369164466858,
                "test_acc": 0.6553369164466858,
                "test_macro_f1": 0.4519960582256317,
                "test_macro_precision": 0.4657381772994995,
                "test_macro_recall": 0.4758690893650055
            },
            {
                "test_neg_f1": 0.667974054813385,
                "test_neg_precision": 0.6066391468048096,
                "test_neg_recall": 0.7660646438598633,
                "test_neu_f1": 0.4191281199455261,
                "test_neu_precision": 0.5033548474311829,
                "test_neu_recall": 0.38917532563209534,
                "test_pos_f1": 0.236778125166893,
                "test_pos_precision": 0.2803683876991272,
                "test_pos_recall": 0.224954754114151,
                "test_micro_f1": 0.6511628031730652,
                "test_acc": 0.6511628031730652,
                "test_macro_f1": 0.4412934482097626,
                "test_macro_precision": 0.46345406770706177,
                "test_macro_recall": 0.46006497740745544
            },
            {
                "test_neg_f1": 0.6569762825965881,
                "test_neg_precision": 0.6018692851066589,
                "test_neg_recall": 0.7536980509757996,
                "test_neu_f1": 0.4451161026954651,
                "test_neu_precision": 0.4754052460193634,
                "test_neu_recall": 0.44486939907073975,
                "test_pos_f1": 0.23330359160900116,
                "test_pos_precision": 0.2987630367279053,
                "test_pos_recall": 0.2140701860189438,
                "test_micro_f1": 0.6469886898994446,
                "test_acc": 0.6469886898994446,
                "test_macro_f1": 0.44513198733329773,
                "test_macro_precision": 0.4586791694164276,
                "test_macro_recall": 0.4708791971206665
            },
            {
                "test_neg_f1": 0.6587224006652832,
                "test_neg_precision": 0.61236971616745,
                "test_neg_recall": 0.7431328892707825,
                "test_neu_f1": 0.45414087176322937,
                "test_neu_precision": 0.4646137058734894,
                "test_neu_recall": 0.4789166748523712,
                "test_pos_f1": 0.2530056834220886,
                "test_pos_precision": 0.31554457545280457,
                "test_pos_recall": 0.2308727353811264,
                "test_micro_f1": 0.6523553729057312,
                "test_acc": 0.6523553729057312,
                "test_macro_f1": 0.45528969168663025,
                "test_macro_precision": 0.4641760289669037,
                "test_macro_recall": 0.48430749773979187
            },
            {
                "test_neg_f1": 0.6590825319290161,
                "test_neg_precision": 0.5908557176589966,
                "test_neg_recall": 0.7760809063911438,
                "test_neu_f1": 0.43788033723831177,
                "test_neu_precision": 0.5077588558197021,
                "test_neu_recall": 0.40852805972099304,
                "test_pos_f1": 0.2294425666332245,
                "test_pos_precision": 0.2933810353279114,
                "test_pos_recall": 0.21030405163764954,
                "test_micro_f1": 0.6463923454284668,
                "test_acc": 0.6463923454284668,
                "test_macro_f1": 0.4421350955963135,
                "test_macro_precision": 0.46399858593940735,
                "test_macro_recall": 0.46497097611427307
            },
            {
                "test_neg_f1": 0.6619188785552979,
                "test_neg_precision": 0.6022441983222961,
                "test_neg_recall": 0.766017735004425,
                "test_neu_f1": 0.45378026366233826,
                "test_neu_precision": 0.5014195442199707,
                "test_neu_recall": 0.4452819228172302,
                "test_pos_f1": 0.24487823247909546,
                "test_pos_precision": 0.3105318546295166,
                "test_pos_recall": 0.2261103093624115,
                "test_micro_f1": 0.652951717376709,
                "test_acc": 0.652951717376709,
                "test_macro_f1": 0.4535257816314697,
                "test_macro_precision": 0.4713985323905945,
                "test_macro_recall": 0.4791366457939148
            },
            {
                "test_neg_f1": 0.6659776568412781,
                "test_neg_precision": 0.6074604392051697,
                "test_neg_recall": 0.7653762102127075,
                "test_neu_f1": 0.422492653131485,
                "test_neu_precision": 0.46711862087249756,
                "test_neu_recall": 0.4134409427642822,
                "test_pos_f1": 0.26269271969795227,
                "test_pos_precision": 0.31705760955810547,
                "test_pos_recall": 0.2481101155281067,
                "test_micro_f1": 0.653548002243042,