{
    "model": "bert-base-uncased",
    "lang": "en",
    "train_args": {
        "epochs": 5,
        "batch_size": 32,
        "eval_batch_size": 16,
        "warmup_ratio": 0.1,
        "limit": null
    },
    "evaluations": {
        "hate_speech": [
            {
                "eval_loss": 1.396698236465454,
                "eval_ok_f1": 0.26121241991128635,
                "eval_ok_precision": 0.916955017301038,
                "eval_ok_recall": 0.15229885057471265,
                "eval_hateful_f1": 0.622513220851171,
                "eval_hateful_precision": 0.4559203246034674,
                "eval_hateful_recall": 0.9809523809523809,
                "eval_micro_f1": 0.5003333333333333,
                "eval_acc": 0.5003333333333333,
                "eval_macro_f1": 0.4418628215789795,
                "eval_macro_precision": 0.6864376664161682,
                "eval_macro_recall": 0.5666255950927734,
                "eval_runtime": 6.441,
                "eval_samples_per_second": 465.765,
                "eval_steps_per_second": 29.188,
                "epoch": 5.0
            },
            {
                "eval_loss": 1.8157896995544434,
                "eval_ok_f1": 0.3471768548763416,
                "eval_ok_precision": 0.9230769230769231,
                "eval_ok_recall": 0.21379310344827587,
                "eval_hateful_f1": 0.6372828623282343,
                "eval_hateful_precision": 0.4732383519445514,
                "eval_hateful_recall": 0.9753968253968254,
                "eval_micro_f1": 0.5336666666666666,
                "eval_acc": 0.5336666666666666,
                "eval_macro_f1": 0.4922298491001129,
                "eval_macro_precision": 0.6981576681137085,
                "eval_macro_recall": 0.5945949554443359,
                "eval_runtime": 6.5436,
                "eval_samples_per_second": 458.464,
                "eval_steps_per_second": 28.73,
                "epoch": 5.0
            },
            {
                "eval_loss": 1.353033423423767,
                "eval_ok_f1": 0.3084245597334603,
                "eval_ok_precision": 0.8975069252077562,
                "eval_ok_recall": 0.18620689655172415,
                "eval_hateful_f1": 0.6273403436778661,
                "eval_hateful_precision": 0.4634331186055324,
                "eval_hateful_recall": 0.9706349206349206,
                "eval_micro_f1": 0.5156666666666667,
                "eval_acc": 0.5156666666666667,
                "eval_macro_f1": 0.4678824543952942,
                "eval_macro_precision": 0.6804700493812561,
                "eval_macro_recall": 0.5784209370613098,
                "eval_runtime": 6.4334,
                "eval_samples_per_second": 466.315,
                "eval_steps_per_second": 29.222,
                "epoch": 5.0
            },
            {
                "eval_loss": 1.7973450422286987,
                "eval_ok_f1": 0.4290718038528896,
                "eval_ok_precision": 0.9007352941176471,
                "eval_ok_recall": 0.28160919540229884,
                "eval_hateful_f1": 0.6490850376749192,
                "eval_hateful_precision": 0.49104234527687296,
                "eval_hateful_recall": 0.9571428571428572,
                "eval_micro_f1": 0.5653333333333334,
                "eval_acc": 0.5653333333333334,
                "eval_macro_f1": 0.539078414440155,
                "eval_macro_precision": 0.6958888173103333,
                "eval_macro_recall": 0.619376003742218,
                "eval_runtime": 6.1973,
                "eval_samples_per_second": 484.081,
                "eval_steps_per_second": 30.336,
                "epoch": 5.0
            },
            {
                "eval_loss": 1.8140095472335815,
                "eval_ok_f1": 0.34547152194211017,
                "eval_ok_precision": 0.9203980099502488,
                "eval_ok_recall": 0.21264367816091953,
                "eval_hateful_f1": 0.636599274235355,
                "eval_hateful_precision": 0.472671285604311,
                "eval_hateful_recall": 0.9746031746031746,
                "eval_micro_f1": 0.5326666666666666,
                "eval_acc": 0.5326666666666666,
                "eval_macro_f1": 0.4910354018211365,
                "eval_macro_precision": 0.6965346336364746,
                "eval_macro_recall": 0.5936233997344971,
                "eval_runtime": 6.6453,
                "eval_samples_per_second": 451.45,
                "eval_steps_per_second": 28.291,
                "epoch": 5.0
            },
            {
                "eval_loss": 2.441746473312378,
                "eval_ok_f1": 0.39660562751228223,
                "eval_ok_precision": 0.8897795591182365,
                "eval_ok_recall": 0.25517241379310346,
                "eval_hateful_f1": 0.6407870247274662,
                "eval_hateful_precision": 0.4818072770891643,
                "eval_hateful_recall": 0.9563492063492064,
                "eval_micro_f1": 0.5496666666666666,
                "eval_acc": 0.5496666666666666,
                "eval_macro_f1": 0.5186963081359863,
                "eval_macro_precision": 0.685793399810791,
                "eval_macro_recall": 0.6057608127593994,
                "eval_runtime": 6.2753,
                "eval_samples_per_second": 478.062,
                "eval_steps_per_second": 29.959,
                "epoch": 5.0
            },
            {
                "eval_loss": 2.9323086738586426,
                "eval_ok_f1": 0.3691183188670626,
                "eval_ok_precision": 0.8997772828507795,
                "eval_ok_recall": 0.23218390804597702,
                "eval_hateful_f1": 0.6376279191813172,
                "eval_hateful_precision": 0.47628381027048217,
                "eval_hateful_recall": 0.9642857142857143,
                "eval_micro_f1": 0.5396666666666666,
                "eval_acc": 0.5396666666666666,
                "eval_macro_f1": 0.5033731460571289,
                "eval_macro_precision": 0.6880305409431458,
                "eval_macro_recall": 0.5982348322868347,
                "eval_runtime": 6.359,
                "eval_samples_per_second": 471.772,
                "eval_steps_per_second": 29.564,
                "epoch": 5.0
            },
            {
                "eval_loss": 2.0199735164642334,
                "eval_ok_f1": 0.3137254901960784,
                "eval_ok_precision": 0.9344729344729344,
                "eval_ok_recall": 0.18850574712643678,
                "eval_hateful_f1": 0.632898439498593,
                "eval_hateful_precision": 0.46696866742166854,
                "eval_hateful_recall": 0.9817460317460317,
                "eval_micro_f1": 0.5216666666666666,
                "eval_acc": 0.5216666666666666,
                "eval_macro_f1": 0.4733119606971741,
                "eval_macro_precision": 0.7007207870483398,
                "eval_macro_recall": 0.5851258635520935,
                "eval_runtime": 6.3165,
                "eval_samples_per_second": 474.947,
                "eval_steps_per_second": 29.763,
                "epoch": 5.0
            },
            {
                "eval_loss": 3.0584635734558105,
                "eval_ok_f1": 0.3553299492385787,
                "eval_ok_precision": 0.9016393442622951,
                "eval_ok_recall": 0.22126436781609196,
                "eval_hateful_f1": 0.6355335246543178,
                "eval_hateful_precision": 0.47337738048970074,
                "eval_hateful_recall": 0.9666666666666667,
                "eval_micro_f1": 0.5343333333333333,
                "eval_acc": 0.5343333333333333,
                "eval_macro_f1": 0.49543172121047974,
                "eval_macro_precision": 0.6875083446502686,
                "eval_macro_recall": 0.5939655303955078,
                "eval_runtime": 6.395,
                "eval_samples_per_second": 469.113,
                "eval_steps_per_second": 29.398,