{
    "model": "vinai/bertweet-base",
    "lang": "en",
    "train_args": {
        "epochs": 5,
        "batch_size": 32,
        "eval_batch_size": 16,
        "warmup_ratio": 0.1,
        "limit": null
    },
    "evaluations": {
        "hate_speech": [
            {
                "eval_loss": 1.7319955825805664,
                "eval_ok_f1": 0.5045118949958983,
                "eval_ok_precision": 0.8810888252148997,
                "eval_ok_recall": 0.35344827586206895,
                "eval_hateful_f1": 0.660864682762493,
                "eval_hateful_precision": 0.5112945264986968,
                "eval_hateful_recall": 0.9341269841269841,
                "eval_micro_f1": 0.5973333333333334,
                "eval_acc": 0.5973333333333334,
                "eval_macro_f1": 0.5826883316040039,
                "eval_macro_precision": 0.696191668510437,
                "eval_macro_recall": 0.6437876224517822,
                "eval_runtime": 6.1665,
                "eval_samples_per_second": 486.499,
                "eval_steps_per_second": 30.487,
                "epoch": 5.0
            },
            {
                "eval_loss": 1.841660499572754,
                "eval_ok_f1": 0.45041143352100477,
                "eval_ok_precision": 0.9138840070298769,
                "eval_ok_recall": 0.2988505747126437,
                "eval_hateful_f1": 0.6561907342183692,
                "eval_hateful_precision": 0.4981489099136158,
                "eval_hateful_recall": 0.9611111111111111,
                "eval_micro_f1": 0.577,
                "eval_acc": 0.577,
                "eval_macro_f1": 0.5533010959625244,
                "eval_macro_precision": 0.7060164213180542,
                "eval_macro_recall": 0.6299808621406555,
                "eval_runtime": 6.2992,
                "eval_samples_per_second": 476.249,
                "eval_steps_per_second": 29.845,
                "epoch": 5.0
            },
            {
                "eval_loss": 1.5744549036026,
                "eval_ok_f1": 0.45517241379310347,
                "eval_ok_precision": 0.9103448275862069,
                "eval_ok_recall": 0.30344827586206896,
                "eval_hateful_f1": 0.6565217391304348,
                "eval_hateful_precision": 0.4991735537190083,
                "eval_hateful_recall": 0.9587301587301588,
                "eval_micro_f1": 0.5786666666666667,
                "eval_acc": 0.5786666666666667,
                "eval_macro_f1": 0.5558470487594604,
                "eval_macro_precision": 0.7047591805458069,
                "eval_macro_recall": 0.6310892105102539,
                "eval_runtime": 6.1549,
                "eval_samples_per_second": 487.416,
                "eval_steps_per_second": 30.545,
                "epoch": 5.0
            },
            {
                "eval_loss": 1.503512978553772,
                "eval_ok_f1": 0.4146887595163457,
                "eval_ok_precision": 0.9391480730223124,
                "eval_ok_recall": 0.2660919540229885,
                "eval_hateful_f1": 0.6530395540217679,
                "eval_hateful_precision": 0.49062624650977266,
                "eval_hateful_recall": 0.9761904761904762,
                "eval_micro_f1": 0.5643333333333334,
                "eval_acc": 0.5643333333333334,
                "eval_macro_f1": 0.5338641405105591,
                "eval_macro_precision": 0.7148871421813965,
                "eval_macro_recall": 0.6211411952972412,
                "eval_runtime": 5.8733,
                "eval_samples_per_second": 510.782,
                "eval_steps_per_second": 32.009,
                "epoch": 5.0
            },
            {
                "eval_loss": 1.2428325414657593,
                "eval_ok_f1": 0.4055505819158461,
                "eval_ok_precision": 0.917004048582996,
                "eval_ok_recall": 0.2603448275862069,
                "eval_hateful_f1": 0.6473712161444504,
                "eval_hateful_precision": 0.48643256185155626,
                "eval_hateful_recall": 0.9674603174603175,
                "eval_micro_f1": 0.5573333333333333,
                "eval_acc": 0.5573333333333333,
                "eval_macro_f1": 0.5264608860015869,
                "eval_macro_precision": 0.7017183303833008,
                "eval_macro_recall": 0.6139025688171387,
                "eval_runtime": 6.252,
                "eval_samples_per_second": 479.845,
                "eval_steps_per_second": 30.07,
                "epoch": 5.0
            },
            {
                "eval_loss": 1.9507157802581787,
                "eval_ok_f1": 0.4440574662603396,
                "eval_ok_precision": 0.9156193895870736,
                "eval_ok_recall": 0.29310344827586204,
                "eval_hateful_f1": 0.6551444774507157,
                "eval_hateful_precision": 0.4965206713057716,
                "eval_hateful_recall": 0.9626984126984127,
                "eval_micro_f1": 0.5743333333333334,
                "eval_acc": 0.5743333333333334,
                "eval_macro_f1": 0.5496009588241577,
                "eval_macro_precision": 0.7060700058937073,
                "eval_macro_recall": 0.6279009580612183,
                "eval_runtime": 6.1202,
                "eval_samples_per_second": 490.178,
                "eval_steps_per_second": 30.718,
                "epoch": 5.0
            },
            {
                "eval_loss": 1.2058923244476318,
                "eval_ok_f1": 0.37891867333030443,
                "eval_ok_precision": 0.9045553145336226,
                "eval_ok_recall": 0.2396551724137931,
                "eval_hateful_f1": 0.6401684653856278,
                "eval_hateful_precision": 0.47892871209137455,
                "eval_hateful_recall": 0.9650793650793651,
                "eval_micro_f1": 0.5443333333333333,
                "eval_acc": 0.5443333333333333,
                "eval_macro_f1": 0.5095435976982117,
                "eval_macro_precision": 0.6917420029640198,
                "eval_macro_recall": 0.6023672819137573,
                "eval_runtime": 6.1651,
                "eval_samples_per_second": 486.609,
                "eval_steps_per_second": 30.494,
                "epoch": 5.0
            },
            {
                "eval_loss": 1.3926724195480347,
                "eval_ok_f1": 0.37266514806378137,
                "eval_ok_precision": 0.8989010989010989,
                "eval_ok_recall": 0.23505747126436782,
                "eval_hateful_f1": 0.638107752956636,
                "eval_hateful_precision": 0.4770137524557957,
                "eval_hateful_recall": 0.9634920634920635,
                "eval_micro_f1": 0.541,
                "eval_acc": 0.541,
                "eval_macro_f1": 0.505386471748352,
                "eval_macro_precision": 0.6879574060440063,
                "eval_macro_recall": 0.599274754524231,
                "eval_runtime": 6.198,
                "eval_samples_per_second": 484.028,
                "eval_steps_per_second": 30.332,
                "epoch": 5.0
            },
            {
                "eval_loss": 1.7735093832015991,
                "eval_ok_f1": 0.5067873303167421,
                "eval_ok_precision": 0.8914616497829233,
                "eval_ok_recall": 0.35402298850574715,
                "eval_hateful_f1": 0.6640515550574391,
                "eval_hateful_precision": 0.5132091814638372,
                "eval_hateful_recall": 0.9404761904761905,
                "eval_micro_f1": 0.6003333333333334,
                "eval_acc": 0.6003333333333334,
                "eval_macro_f1": 0.5854194164276123,
                "eval_macro_precision": 0.7023354172706604,
                "eval_macro_recall": 0.6472495794296265,
                "eval_runtime": 6.0883,
                "eval_samples_per_second": 492.749,
                "eval_steps_per_second": 30.879,
                "epoch": 5.0
            },
            {
                "eval_loss": 2.008549213409424,