{
    "model": "dccuchile/bert-base-spanish-wwm-uncased",
    "lang": "es",
    "train_args": {
        "epochs": 5,
        "batch_size": 32,
        "eval_batch_size": 16,
        "warmup_ratio": 0.1,
        "limit": null
    },
    "evaluations": {
        "hate_speech": [
            {
                "eval_loss": 0.7327134013175964,
                "eval_ok_f1": 0.7940161104718065,
                "eval_ok_precision": 0.8646616541353384,
                "eval_ok_recall": 0.7340425531914894,
                "eval_hateful_f1": 0.7551299589603284,
                "eval_hateful_precision": 0.6882793017456359,
                "eval_hateful_recall": 0.8363636363636363,
                "eval_micro_f1": 0.7762499999999999,
                "eval_acc": 0.77625,
                "eval_macro_f1": 0.774573028087616,
                "eval_macro_precision": 0.7764704823493958,
                "eval_macro_recall": 0.7852030992507935,
                "eval_runtime": 3.092,
                "eval_samples_per_second": 517.468,
                "eval_steps_per_second": 32.342,
                "epoch": 5.0
            },
            {
                "eval_loss": 1.3865418434143066,
                "eval_ok_f1": 0.7640718562874251,
                "eval_ok_precision": 0.873972602739726,
                "eval_ok_recall": 0.6787234042553192,
                "eval_hateful_f1": 0.742483660130719,
                "eval_hateful_precision": 0.6528735632183909,
                "eval_hateful_recall": 0.8606060606060606,
                "eval_micro_f1": 0.75375,
                "eval_acc": 0.75375,
                "eval_macro_f1": 0.7532777786254883,
                "eval_macro_precision": 0.7634230852127075,
                "eval_macro_recall": 0.7696647644042969,
                "eval_runtime": 3.1744,
                "eval_samples_per_second": 504.039,
                "eval_steps_per_second": 31.502,
                "epoch": 5.0
            },
            {
                "eval_loss": 0.6975617408752441,
                "eval_ok_f1": 0.7921704087507195,
                "eval_ok_precision": 0.863237139272271,
                "eval_ok_recall": 0.7319148936170212,
                "eval_hateful_f1": 0.7532467532467532,
                "eval_hateful_precision": 0.6861768368617683,
                "eval_hateful_recall": 0.8348484848484848,
                "eval_micro_f1": 0.774375,
                "eval_acc": 0.774375,
                "eval_macro_f1": 0.772708535194397,
                "eval_macro_precision": 0.7747069597244263,
                "eval_macro_recall": 0.7833817005157471,
                "eval_runtime": 3.2006,
                "eval_samples_per_second": 499.911,
                "eval_steps_per_second": 31.244,
                "epoch": 5.0
            },
            {
                "eval_loss": 0.7530263662338257,
                "eval_ok_f1": 0.7615571776155717,
                "eval_ok_precision": 0.8892045454545454,
                "eval_ok_recall": 0.6659574468085107,
                "eval_hateful_f1": 0.7480719794344474,
                "eval_hateful_precision": 0.6495535714285714,
                "eval_hateful_recall": 0.8818181818181818,
                "eval_micro_f1": 0.755,
                "eval_acc": 0.755,
                "eval_macro_f1": 0.7548145651817322,
                "eval_macro_precision": 0.7693790793418884,
                "eval_macro_recall": 0.7738878130912781,
                "eval_runtime": 3.1939,
                "eval_samples_per_second": 500.96,
                "eval_steps_per_second": 31.31,
                "epoch": 5.0
            },
            {
                "eval_loss": 1.3555713891983032,
                "eval_ok_f1": 0.766899766899767,
                "eval_ok_precision": 0.8479381443298969,
                "eval_ok_recall": 0.7,
                "eval_hateful_f1": 0.7304582210242588,
                "eval_hateful_precision": 0.6577669902912622,
                "eval_hateful_recall": 0.8212121212121212,
                "eval_micro_f1": 0.75,
                "eval_acc": 0.75,
                "eval_macro_f1": 0.748678982257843,
                "eval_macro_precision": 0.7528525590896606,
                "eval_macro_recall": 0.760606050491333,
                "eval_runtime": 3.1249,
                "eval_samples_per_second": 512.021,
                "eval_steps_per_second": 32.001,
                "epoch": 5.0
            },
            {
                "eval_loss": 0.8851931691169739,
                "eval_ok_f1": 0.7538179596823457,
                "eval_ok_precision": 0.8852223816355811,
                "eval_ok_recall": 0.6563829787234042,
                "eval_hateful_f1": 0.7421625079974408,
                "eval_hateful_precision": 0.6423034330011074,
                "eval_hateful_recall": 0.8787878787878788,
                "eval_micro_f1": 0.7481249999999999,
                "eval_acc": 0.748125,
                "eval_macro_f1": 0.7479902505874634,
                "eval_macro_precision": 0.763762891292572,
                "eval_macro_recall": 0.7675853967666626,
                "eval_runtime": 3.3099,
                "eval_samples_per_second": 483.393,
                "eval_steps_per_second": 30.212,
                "epoch": 5.0
            },
            {
                "eval_loss": 0.5098536610603333,
                "eval_ok_f1": 0.7984054669703872,
                "eval_ok_precision": 0.8590686274509803,
                "eval_ok_recall": 0.7457446808510638,
                "eval_hateful_f1": 0.754847645429363,
                "eval_hateful_precision": 0.6951530612244898,
                "eval_hateful_recall": 0.8257575757575758,
                "eval_micro_f1": 0.77875,
                "eval_acc": 0.77875,
                "eval_macro_f1": 0.7766265869140625,
                "eval_macro_precision": 0.7771108150482178,
                "eval_macro_recall": 0.7857511043548584,
                "eval_runtime": 3.1934,
                "eval_samples_per_second": 501.029,
                "eval_steps_per_second": 31.314,
                "epoch": 5.0
            },
            {
                "eval_loss": 0.5922511219978333,
                "eval_ok_f1": 0.7904328018223233,
                "eval_ok_precision": 0.8504901960784313,
                "eval_ok_recall": 0.7382978723404255,
                "eval_hateful_f1": 0.7451523545706371,
                "eval_hateful_precision": 0.6862244897959183,
                "eval_hateful_recall": 0.8151515151515152,
                "eval_micro_f1": 0.7699999999999999,
                "eval_acc": 0.77,
                "eval_macro_f1": 0.7677925825119019,
                "eval_macro_precision": 0.7683573365211487,
                "eval_macro_recall": 0.7767246961593628,
                "eval_runtime": 3.1863,
                "eval_samples_per_second": 502.146,
                "eval_steps_per_second": 31.384,
                "epoch": 5.0
            },
            {
                "eval_loss": 0.7177734375,
                "eval_ok_f1": 0.7933978372225384,
                "eval_ok_precision": 0.8531211750305998,
                "eval_ok_recall": 0.7414893617021276,
                "eval_hateful_f1": 0.7484407484407484,
                "eval_hateful_precision": 0.6896551724137931,
                "eval_hateful_recall": 0.8181818181818182,
                "eval_micro_f1": 0.7731250000000001,
                "eval_acc": 0.773125,
                "eval_macro_f1": 0.7709193229675293,
                "eval_macro_precision": 0.7713881731033325,
                "eval_macro_recall": 0.77983558177948,
                "eval_runtime": 3.1979,
                "eval_samples_per_second": 500.324,
                "eval_steps_per_second": 31.27,
                "epoch": 5.0
            },
            {
                "eval_loss": 1.1978733539581299,
                "eval_ok_f1": 0.7956867196367763,
                "eval_ok_precision": 0.8527980535279805,