{
    "model": "finiteautomata/robertuito-base-uncased",
    "lang": "es",
    "train_args": {
        "epochs": 5,
        "batch_size": 32,
        "eval_batch_size": 16,
        "warmup_ratio": 0.1,
        "limit": null
    },
    "evaluations": {
        "hate_speech": [
            {
                "eval_loss": 0.5377350449562073,
                "eval_ok_f1": 0.8229937393284007,
                "eval_ok_precision": 0.8849449204406364,
                "eval_ok_recall": 0.7691489361702127,
                "eval_hateful_f1": 0.7844767844767845,
                "eval_hateful_precision": 0.722860791826309,
                "eval_hateful_recall": 0.8575757575757575,
                "eval_micro_f1": 0.805625,
                "eval_acc": 0.805625,
                "eval_macro_f1": 0.8037352561950684,
                "eval_macro_precision": 0.8039028644561768,
                "eval_macro_recall": 0.8133623600006104,
                "eval_runtime": 3.1549,
                "eval_samples_per_second": 507.152,
                "eval_steps_per_second": 31.697,
                "epoch": 5.0
            },
            {
                "eval_loss": 1.0808178186416626,
                "eval_ok_f1": 0.8219332956472584,
                "eval_ok_precision": 0.8769601930036188,
                "eval_ok_recall": 0.7734042553191489,
                "eval_hateful_f1": 0.779874213836478,
                "eval_hateful_precision": 0.7237354085603113,
                "eval_hateful_recall": 0.8454545454545455,
                "eval_micro_f1": 0.803125,
                "eval_acc": 0.803125,
                "eval_macro_f1": 0.8009037375450134,
                "eval_macro_precision": 0.8003478050231934,
                "eval_macro_recall": 0.809429407119751,
                "eval_runtime": 3.2077,
                "eval_samples_per_second": 498.799,
                "eval_steps_per_second": 31.175,
                "epoch": 5.0
            },
            {
                "eval_loss": 0.5865337252616882,
                "eval_ok_f1": 0.8055716773070226,
                "eval_ok_precision": 0.8863346104725415,
                "eval_ok_recall": 0.7382978723404255,
                "eval_hateful_f1": 0.7731888964116452,
                "eval_hateful_precision": 0.6988984088127295,
                "eval_hateful_recall": 0.8651515151515151,
                "eval_micro_f1": 0.790625,
                "eval_acc": 0.790625,
                "eval_macro_f1": 0.7893803119659424,
                "eval_macro_precision": 0.7926164865493774,
                "eval_macro_recall": 0.8017246723175049,
                "eval_runtime": 3.1849,
                "eval_samples_per_second": 502.369,
                "eval_steps_per_second": 31.398,
                "epoch": 5.0
            },
            {
                "eval_loss": 1.045438289642334,
                "eval_ok_f1": 0.8240534521158129,
                "eval_ok_precision": 0.8644859813084113,
                "eval_ok_recall": 0.7872340425531915,
                "eval_hateful_f1": 0.774928774928775,
                "eval_hateful_precision": 0.7311827956989247,
                "eval_hateful_recall": 0.8242424242424242,
                "eval_micro_f1": 0.8025,
                "eval_acc": 0.8025,
                "eval_macro_f1": 0.7994911074638367,
                "eval_macro_precision": 0.7978343963623047,
                "eval_macro_recall": 0.8057382106781006,
                "eval_runtime": 3.1628,
                "eval_samples_per_second": 505.886,
                "eval_steps_per_second": 31.618,
                "epoch": 5.0
            },
            {
                "eval_loss": 0.5722880363464355,
                "eval_ok_f1": 0.8114754098360656,
                "eval_ok_precision": 0.90234375,
                "eval_ok_recall": 0.7372340425531915,
                "eval_hateful_f1": 0.7841823056300268,
                "eval_hateful_precision": 0.703125,
                "eval_hateful_recall": 0.8863636363636364,
                "eval_micro_f1": 0.79875,
                "eval_acc": 0.79875,
                "eval_macro_f1": 0.7978288531303406,
                "eval_macro_precision": 0.802734375,
                "eval_macro_recall": 0.8117988109588623,
                "eval_runtime": 3.1924,
                "eval_samples_per_second": 501.187,
                "eval_steps_per_second": 31.324,
                "epoch": 5.0
            },
            {
                "eval_loss": 1.0726571083068848,
                "eval_ok_f1": 0.8311977715877438,
                "eval_ok_precision": 0.8725146198830409,
                "eval_ok_recall": 0.7936170212765957,
                "eval_hateful_f1": 0.7843416370106763,
                "eval_hateful_precision": 0.7395973154362416,
                "eval_hateful_recall": 0.8348484848484848,
                "eval_micro_f1": 0.8106250000000002,
                "eval_acc": 0.810625,
                "eval_macro_f1": 0.8077697157859802,
                "eval_macro_precision": 0.8060559630393982,
                "eval_macro_recall": 0.8142327070236206,
                "eval_runtime": 3.1883,
                "eval_samples_per_second": 501.835,
                "eval_steps_per_second": 31.365,
                "epoch": 5.0
            },
            {
                "eval_loss": 1.0321038961410522,
                "eval_ok_f1": 0.8336097291321172,
                "eval_ok_precision": 0.8676639815880323,
                "eval_ok_recall": 0.8021276595744681,
                "eval_hateful_f1": 0.7836089144500359,
                "eval_hateful_precision": 0.7455540355677155,
                "eval_hateful_recall": 0.8257575757575758,
                "eval_micro_f1": 0.811875,
                "eval_acc": 0.811875,
                "eval_macro_f1": 0.8086093068122864,
                "eval_macro_precision": 0.806609034538269,
                "eval_macro_recall": 0.8139426112174988,
                "eval_runtime": 3.1919,
                "eval_samples_per_second": 501.275,
                "eval_steps_per_second": 31.33,
                "epoch": 5.0
            },
            {
                "eval_loss": 0.5210351347923279,
                "eval_ok_f1": 0.8194842406876791,
                "eval_ok_precision": 0.8881987577639752,
                "eval_ok_recall": 0.7606382978723404,
                "eval_hateful_f1": 0.7835051546391751,
                "eval_hateful_precision": 0.7169811320754716,
                "eval_hateful_recall": 0.8636363636363636,
                "eval_micro_f1": 0.803125,
                "eval_acc": 0.803125,
                "eval_macro_f1": 0.8014947175979614,
                "eval_macro_precision": 0.8025898933410645,
                "eval_macro_recall": 0.8121373653411865,
                "eval_runtime": 3.184,
                "eval_samples_per_second": 502.509,
                "eval_steps_per_second": 31.407,
                "epoch": 5.0
            },
            {
                "eval_loss": 1.0348265171051025,
                "eval_ok_f1": 0.8270089285714285,
                "eval_ok_precision": 0.8697183098591549,
                "eval_ok_recall": 0.7882978723404256,
                "eval_hateful_f1": 0.7798295454545454,
                "eval_hateful_precision": 0.733957219251337,
                "eval_hateful_recall": 0.8318181818181818,
                "eval_micro_f1": 0.8062499999999999,
                "eval_acc": 0.80625,
                "eval_macro_f1": 0.8034192323684692,
                "eval_macro_precision": 0.8018378019332886,
                "eval_macro_recall": 0.8100579977035522,
                "eval_runtime": 3.1937,
                "eval_samples_per_second": 500.994,
                "eval_steps_per_second": 31.312,
                "epoch": 5.0
            },
            {
                "eval_loss": 0.5405531525611877,
                "eval_ok_f1": 0.8162564396107614,
                "eval_ok_precision": 0.8835192069392813,