{
    "model": "roberta-base",
    "lang": "en",
    "train_args": {
        "epochs": 5,
        "batch_size": 32,
        "eval_batch_size": 16,
        "warmup_ratio": 0.1,
        "limit": null
    },
    "evaluations": {
        "hate_speech": [
            {
                "eval_loss": 2.3690097332000732,
                "eval_ok_f1": 0.36097114063215757,
                "eval_ok_precision": 0.8893905191873589,
                "eval_ok_recall": 0.2264367816091954,
                "eval_hateful_f1": 0.6345297353942888,
                "eval_hateful_precision": 0.4736018771998436,
                "eval_hateful_recall": 0.9611111111111111,
                "eval_micro_f1": 0.535,
                "eval_acc": 0.535,
                "eval_macro_f1": 0.4977504312992096,
                "eval_macro_precision": 0.6814962029457092,
                "eval_macro_recall": 0.5937739610671997,
                "eval_runtime": 6.9215,
                "eval_samples_per_second": 433.432,
                "eval_steps_per_second": 27.162,
                "epoch": 5.0
            },
            {
                "eval_loss": 2.1744346618652344,
                "eval_ok_f1": 0.32391713747645956,
                "eval_ok_precision": 0.8958333333333334,
                "eval_ok_recall": 0.19770114942528735,
                "eval_hateful_f1": 0.6295149638802889,
                "eval_hateful_precision": 0.46636085626911317,
                "eval_hateful_recall": 0.9682539682539683,
                "eval_micro_f1": 0.5213333333333333,
                "eval_acc": 0.5213333333333333,
                "eval_macro_f1": 0.4767160713672638,
                "eval_macro_precision": 0.6810970902442932,
                "eval_macro_recall": 0.5829775333404541,
                "eval_runtime": 6.7291,
                "eval_samples_per_second": 445.825,
                "eval_steps_per_second": 27.938,
                "epoch": 5.0
            },
            {
                "eval_loss": 1.6734619140625,
                "eval_ok_f1": 0.34830940250115794,
                "eval_ok_precision": 0.8973747016706444,
                "eval_ok_recall": 0.2160919540229885,
                "eval_hateful_f1": 0.6336891434522259,
                "eval_hateful_precision": 0.4715226656334754,
                "eval_hateful_recall": 0.9658730158730159,
                "eval_micro_f1": 0.531,
                "eval_acc": 0.531,
                "eval_macro_f1": 0.4909992814064026,
                "eval_macro_precision": 0.6844486594200134,
                "eval_macro_recall": 0.5909824967384338,
                "eval_runtime": 6.8749,
                "eval_samples_per_second": 436.367,
                "eval_steps_per_second": 27.346,
                "epoch": 5.0
            },
            {
                "eval_loss": 2.3135628700256348,
                "eval_ok_f1": 0.3719872669395179,
                "eval_ok_precision": 0.8910675381263616,
                "eval_ok_recall": 0.23505747126436782,
                "eval_hateful_f1": 0.6366745593264931,
                "eval_hateful_precision": 0.47619047619047616,
                "eval_hateful_recall": 0.9603174603174603,
                "eval_micro_f1": 0.5396666666666666,
                "eval_acc": 0.5396666666666666,
                "eval_macro_f1": 0.5043309330940247,
                "eval_macro_precision": 0.683629035949707,
                "eval_macro_recall": 0.5976874828338623,
                "eval_runtime": 6.7331,
                "eval_samples_per_second": 445.557,
                "eval_steps_per_second": 27.922,
                "epoch": 5.0
            },
            {
                "eval_loss": 2.2314584255218506,
                "eval_ok_f1": 0.3384615384615384,
                "eval_ok_precision": 0.8962962962962963,
                "eval_ok_recall": 0.20862068965517241,
                "eval_hateful_f1": 0.6319066147859922,
                "eval_hateful_precision": 0.46936416184971097,
                "eval_hateful_recall": 0.9666666666666667,
                "eval_micro_f1": 0.527,
                "eval_acc": 0.527,
                "eval_macro_f1": 0.48518407344818115,
                "eval_macro_precision": 0.6828302145004272,
                "eval_macro_recall": 0.5876436829566956,
                "eval_runtime": 6.9063,
                "eval_samples_per_second": 434.389,
                "eval_steps_per_second": 27.222,
                "epoch": 5.0
            },
            {
                "eval_loss": 2.2313733100891113,
                "eval_ok_f1": 0.315042573320719,
                "eval_ok_precision": 0.8903743315508021,
                "eval_ok_recall": 0.19137931034482758,
                "eval_hateful_f1": 0.6273803396809059,
                "eval_hateful_precision": 0.4642041127189642,
                "eval_hateful_recall": 0.9674603174603175,
                "eval_micro_f1": 0.5173333333333333,
                "eval_acc": 0.5173333333333333,
                "eval_macro_f1": 0.47121143341064453,
                "eval_macro_precision": 0.6772891879081726,
                "eval_macro_recall": 0.5794198513031006,
                "eval_runtime": 6.8266,
                "eval_samples_per_second": 439.46,
                "eval_steps_per_second": 27.54,
                "epoch": 5.0
            },
            {
                "eval_loss": 2.5433099269866943,
                "eval_ok_f1": 0.34658040665434375,
                "eval_ok_precision": 0.8844339622641509,
                "eval_ok_recall": 0.21551724137931033,
                "eval_hateful_f1": 0.6313868613138686,
                "eval_hateful_precision": 0.4701086956521739,
                "eval_hateful_recall": 0.9611111111111111,
                "eval_micro_f1": 0.5286666666666666,
                "eval_acc": 0.5286666666666666,
                "eval_macro_f1": 0.4889836311340332,
                "eval_macro_precision": 0.6772713661193848,
                "eval_macro_recall": 0.5883141756057739,
                "eval_runtime": 6.8215,
                "eval_samples_per_second": 439.785,
                "eval_steps_per_second": 27.56,
                "epoch": 5.0
            },
            {
                "eval_loss": 2.370878219604492,
                "eval_ok_f1": 0.33614232209737827,
                "eval_ok_precision": 0.9065656565656566,
                "eval_ok_recall": 0.20632183908045976,
                "eval_hateful_f1": 0.6330227743271222,
                "eval_hateful_precision": 0.4696620583717358,
                "eval_hateful_recall": 0.9706349206349206,
                "eval_micro_f1": 0.5273333333333333,
                "eval_acc": 0.5273333333333333,
                "eval_macro_f1": 0.4845825433731079,
                "eval_macro_precision": 0.6881138682365417,
                "eval_macro_recall": 0.5884783864021301,
                "eval_runtime": 6.7076,
                "eval_samples_per_second": 447.253,
                "eval_steps_per_second": 28.028,
                "epoch": 5.0
            },
            {
                "eval_loss": 2.119549036026001,
                "eval_ok_f1": 0.32117479867361437,
                "eval_ok_precision": 0.9137466307277629,
                "eval_ok_recall": 0.19482758620689655,
                "eval_hateful_f1": 0.6315248135767549,
                "eval_hateful_precision": 0.4670977558006847,
                "eval_hateful_recall": 0.9746031746031746,
                "eval_micro_f1": 0.5223333333333333,
                "eval_acc": 0.5223333333333333,
                "eval_macro_f1": 0.476349800825119,
                "eval_macro_precision": 0.6904221773147583,
                "eval_macro_recall": 0.5847153663635254,
                "eval_runtime": 6.9212,
                "eval_samples_per_second": 433.452,
                "eval_steps_per_second": 27.163,
                "epoch": 5.0
            },
            {
                "eval_loss": 2.423110246658325,
                "eval_ok_f1": 0.3309826046074283,