{
    "model": "rnn",
    "lang": "es",
    "train_args": {
        "epochs": 5,
        "batch_size": 32,
        "eval_batch_size": 16,
        "warmup_ratio": 0.1,
        "limit": null,
        "bidirectional": true,
        "embeddings_path": "embeddings/tweet_dim_300_ws_5.bin"
    },
    "evaluations": {
        "sentiment": [
            {
                "test_neg_f1": 0.705065131187439,
                "test_neg_precision": 0.621554970741272,
                "test_neg_recall": 0.8404055833816528,
                "test_neu_f1": 0.433748334646225,
                "test_neu_precision": 0.4482102394104004,
                "test_neu_recall": 0.472734272480011,
                "test_pos_f1": 0.5813103914260864,
                "test_pos_precision": 0.8433558940887451,
                "test_pos_recall": 0.46542519330978394,
                "test_micro_f1": 0.6150881052017212,
                "test_acc": 0.6150881052017212,
                "test_macro_f1": 0.5733746886253357,
                "test_macro_precision": 0.6377072334289551,
                "test_macro_recall": 0.5928549766540527
            },
            {
                "test_neg_f1": 0.7105246782302856,
                "test_neg_precision": 0.635432779788971,
                "test_neg_recall": 0.8301830291748047,
                "test_neu_f1": 0.44058340787887573,
                "test_neu_precision": 0.46577638387680054,
                "test_neu_recall": 0.4714009761810303,
                "test_pos_f1": 0.6194825172424316,
                "test_pos_precision": 0.816491961479187,
                "test_pos_recall": 0.5211240649223328,
                "test_micro_f1": 0.6294052600860596,
                "test_acc": 0.6294052600860596,
                "test_macro_f1": 0.5901968479156494,
                "test_macro_precision": 0.6392337679862976,
                "test_macro_recall": 0.6075693368911743
            },
            {
                "test_neg_f1": 0.7036754488945007,
                "test_neg_precision": 0.6431844234466553,
                "test_neg_recall": 0.801721453666687,
                "test_neu_f1": 0.45758798718452454,
                "test_neu_precision": 0.45549800992012024,
                "test_neu_recall": 0.5096151828765869,
                "test_pos_f1": 0.6146672368049622,
                "test_pos_precision": 0.820804238319397,
                "test_pos_recall": 0.5131063461303711,
                "test_micro_f1": 0.6261013150215149,
                "test_acc": 0.6261013150215149,
                "test_macro_f1": 0.5919768214225769,
                "test_macro_precision": 0.6398290991783142,
                "test_macro_recall": 0.6081476807594299
            },
            {
                "test_neg_f1": 0.7040007710456848,
                "test_neg_precision": 0.6256478428840637,
                "test_neg_recall": 0.8292868733406067,
                "test_neu_f1": 0.4279964566230774,
                "test_neu_precision": 0.430984765291214,
                "test_neu_recall": 0.4757315218448639,
                "test_pos_f1": 0.5767819285392761,
                "test_pos_precision": 0.8288556933403015,
                "test_pos_recall": 0.46229204535484314,
                "test_micro_f1": 0.6110957860946655,
                "test_acc": 0.6110957860946655,
                "test_macro_f1": 0.5695933103561401,
                "test_macro_precision": 0.6284959316253662,
                "test_macro_recall": 0.5891032814979553
            },
            {
                "test_neg_f1": 0.707362174987793,
                "test_neg_precision": 0.6258554458618164,
                "test_neg_recall": 0.8378539681434631,
                "test_neu_f1": 0.43521878123283386,
                "test_neu_precision": 0.4578525125980377,
                "test_neu_recall": 0.4655724763870239,
                "test_pos_f1": 0.5995074510574341,
                "test_pos_precision": 0.8242698907852173,
                "test_pos_recall": 0.4920128583908081,
                "test_micro_f1": 0.6219713687896729,
                "test_acc": 0.6219713687896729,
                "test_macro_f1": 0.5806962847709656,
                "test_macro_precision": 0.6359928250312805,
                "test_macro_recall": 0.598479688167572
            }
        ]
    }
}