{
    "model": "rnn",
    "lang": "es",
    "train_args": {
        "epochs": 5,
        "batch_size": 32,
        "eval_batch_size": 16,
        "warmup_ratio": 0.1,
        "limit": null,
        "bidirectional": true,
        "embeddings_path": "embeddings/cc.es.300.bin"
    },
    "evaluations": {
        "sentiment": [
            {
                "test_neg_f1": 0.6929007768630981,
                "test_neg_precision": 0.5810026526451111,
                "test_neg_recall": 0.8859894871711731,
                "test_neu_f1": 0.3248808979988098,
                "test_neu_precision": 0.4402310848236084,
                "test_neu_recall": 0.29045581817626953,
                "test_pos_f1": 0.6188403964042664,
                "test_pos_precision": 0.8082706332206726,
                "test_pos_recall": 0.5242586731910706,
                "test_micro_f1": 0.6055892109870911,
                "test_acc": 0.6055892109870911,
                "test_macro_f1": 0.5455405712127686,
                "test_macro_precision": 0.6098349094390869,
                "test_macro_recall": 0.566901445388794
            },
            {
                "test_neg_f1": 0.6953461170196533,
                "test_neg_precision": 0.588255763053894,
                "test_neg_recall": 0.8768900036811829,
                "test_neu_f1": 0.32432496547698975,
                "test_neu_precision": 0.4477539658546448,
                "test_neu_recall": 0.2827174961566925,
                "test_pos_f1": 0.6355023980140686,
                "test_pos_precision": 0.7863379120826721,
                "test_pos_recall": 0.5556405782699585,
                "test_micro_f1": 0.6123347878456116,
                "test_acc": 0.6123347878456116,
                "test_macro_f1": 0.5517244338989258,
                "test_macro_precision": 0.6074493527412415,
                "test_macro_recall": 0.5717495083808899
            },
            {
                "test_neg_f1": 0.6955384016036987,
                "test_neg_precision": 0.5843075513839722,
                "test_neg_recall": 0.8854582905769348,
                "test_neu_f1": 0.32407087087631226,
                "test_neu_precision": 0.4466813802719116,
                "test_neu_recall": 0.2856370806694031,
                "test_pos_f1": 0.6260209083557129,
                "test_pos_precision": 0.7984349131584167,
                "test_pos_recall": 0.537544846534729,
                "test_micro_f1": 0.609581470489502,
                "test_acc": 0.609581470489502,
                "test_macro_f1": 0.5485433340072632,
                "test_macro_precision": 0.609808087348938,
                "test_macro_recall": 0.5695468187332153
            },
            {
                "test_neg_f1": 0.699295163154602,
                "test_neg_precision": 0.6045773029327393,
                "test_neg_recall": 0.8545354604721069,
                "test_neu_f1": 0.35103338956832886,
                "test_neu_precision": 0.43367159366607666,
                "test_neu_recall": 0.3286820948123932,
                "test_pos_f1": 0.6327724456787109,
                "test_pos_precision": 0.785720944404602,
                "test_pos_recall": 0.55202716588974,
                "test_micro_f1": 0.6135737895965576,
                "test_acc": 0.6135737895965576,
                "test_macro_f1": 0.5610336661338806,
                "test_macro_precision": 0.6079901456832886,
                "test_macro_recall": 0.578415036201477
            },
            {
                "test_neg_f1": 0.6870604753494263,
                "test_neg_precision": 0.5603517293930054,
                "test_neg_recall": 0.9170028567314148,
                "test_neu_f1": 0.2796608507633209,
                "test_neu_precision": 0.4551643431186676,
                "test_neu_recall": 0.2294422835111618,
                "test_pos_f1": 0.6091871857643127,
                "test_pos_precision": 0.8077524304389954,
                "test_pos_recall": 0.5123164057731628,
                "test_micro_f1": 0.597879946231842,
                "test_acc": 0.597879946231842,
                "test_macro_f1": 0.5253027081489563,
                "test_macro_precision": 0.6077563166618347,
                "test_macro_recall": 0.5529206991195679
            },
            {
                "test_neg_f1": 0.6986976861953735,
                "test_neg_precision": 0.5995556712150574,
                "test_neg_recall": 0.8631728291511536,
                "test_neu_f1": 0.3591531217098236,
                "test_neu_precision": 0.44312962889671326,
                "test_neu_recall": 0.33945196866989136,
                "test_pos_f1": 0.6225140690803528,
                "test_pos_precision": 0.8014572262763977,
                "test_pos_recall": 0.5313321352005005,
                "test_micro_f1": 0.6123347878456116,
                "test_acc": 0.6123347878456116,
                "test_macro_f1": 0.5601215958595276,
                "test_macro_precision": 0.6147143840789795,
                "test_macro_recall": 0.5779857039451599
            },
            {
                "test_neg_f1": 0.6878310441970825,
                "test_neg_precision": 0.5617536902427673,
                "test_neg_recall": 0.9171202182769775,
                "test_neu_f1": 0.2912953794002533,
                "test_neu_precision": 0.46678194403648376,
                "test_neu_recall": 0.23789559304714203,
                "test_pos_f1": 0.6168719530105591,
                "test_pos_precision": 0.8128609657287598,
                "test_pos_recall": 0.5192902088165283,
                "test_micro_f1": 0.6025605797767639,
                "test_acc": 0.6025605797767639,
                "test_macro_f1": 0.5319992899894714,
                "test_macro_precision": 0.6137987971305847,
                "test_macro_recall": 0.5581021308898926
            },
            {
                "test_neg_f1": 0.6889313459396362,
                "test_neg_precision": 0.5675733685493469,
                "test_neg_recall": 0.905443549156189,
                "test_neu_f1": 0.3051393926143646,
                "test_neu_precision": 0.46052974462509155,
                "test_neu_recall": 0.2597335875034332,
                "test_pos_f1": 0.6135878562927246,
                "test_pos_precision": 0.8073928356170654,
                "test_pos_recall": 0.5178808569908142,
                "test_micro_f1": 0.6024228930473328,
                "test_acc": 0.6024228930473328,
                "test_macro_f1": 0.5358860492706299,
                "test_macro_precision": 0.6118321418762207,
                "test_macro_recall": 0.5610193014144897
            },
            {
                "test_neg_f1": 0.6963960528373718,
                "test_neg_precision": 0.5889551639556885,
                "test_neg_recall": 0.8783667087554932,
                "test_neu_f1": 0.33678585290908813,
                "test_neu_precision": 0.464284211397171,
                "test_neu_recall": 0.29072287678718567,
                "test_pos_f1": 0.6391437649726868,
                "test_pos_precision": 0.7884498238563538,
                "test_pos_recall": 0.5590254068374634,
                "test_micro_f1": 0.6161894202232361,
                "test_acc": 0.6161894202232361,
                "test_macro_f1": 0.5574420094490051,
                "test_macro_precision": 0.6138963103294373,
                "test_macro_recall": 0.5760383009910583
            },
            {
                "test_neg_f1": 0.6960896849632263,
                "test_neg_precision": 0.5848684310913086,
                "test_neg_recall": 0.8872096538543701,
                "test_neu_f1": 0.3291722536087036,
                "test_neu_precision": 0.43673649430274963,
                "test_neu_recall": 0.29606539011001587,
                "test_pos_f1": 0.6178321242332458,
                "test_pos_precision": 0.8072068691253662,
                "test_pos_recall": 0.5224173665046692,