{
    "model": "rnn",
    "lang": "es",
    "train_args": {
        "epochs": 5,
        "batch_size": 32,
        "eval_batch_size": 16,
        "warmup_ratio": 0.1,
        "limit": null,
        "bidirectional": true,
        "embeddings_path": "embeddings/tweet_dim_300_ws_5.bin"
    },
    "evaluations": {
        "sentiment": [
            {
                "test_neg_f1": 0.7060793042182922,
                "test_neg_precision": 0.6237713694572449,
                "test_neg_recall": 0.8385908603668213,
                "test_neu_f1": 0.4365229606628418,
                "test_neu_precision": 0.45700201392173767,
                "test_neu_recall": 0.4699788987636566,
                "test_pos_f1": 0.5990747809410095,
                "test_pos_precision": 0.8313723802566528,
                "test_pos_recall": 0.48878639936447144,
                "test_micro_f1": 0.6216960549354553,
                "test_acc": 0.6216960549354553,
                "test_macro_f1": 0.5805588960647583,
                "test_macro_precision": 0.6373817920684814,
                "test_macro_recall": 0.5991187691688538
            },
            {
                "test_neg_f1": 0.7077395915985107,
                "test_neg_precision": 0.6436157822608948,
                "test_neg_recall": 0.8106198906898499,
                "test_neu_f1": 0.44778889417648315,
                "test_neu_precision": 0.4483492970466614,
                "test_neu_recall": 0.4976133108139038,
                "test_pos_f1": 0.6112737059593201,
                "test_pos_precision": 0.8202568292617798,
                "test_pos_recall": 0.5075557231903076,
                "test_micro_f1": 0.6258260011672974,
                "test_acc": 0.6258260011672974,
                "test_macro_f1": 0.5889340043067932,
                "test_macro_precision": 0.6374071836471558,
                "test_macro_recall": 0.6052629351615906
            },
            {
                "test_neg_f1": 0.7071885466575623,
                "test_neg_precision": 0.6384230256080627,
                "test_neg_recall": 0.8155457973480225,
                "test_neu_f1": 0.43782973289489746,
                "test_neu_precision": 0.45048987865448,
                "test_neu_recall": 0.47860395908355713,
                "test_pos_f1": 0.6154459118843079,
                "test_pos_precision": 0.810750424861908,
                "test_pos_recall": 0.517581045627594,
                "test_micro_f1": 0.6247246861457825,
                "test_acc": 0.6247246861457825,
                "test_macro_f1": 0.5868211388587952,
                "test_macro_precision": 0.6332211494445801,
                "test_macro_recall": 0.6039102077484131
            },
            {
                "test_neg_f1": 0.7048876285552979,
                "test_neg_precision": 0.6457633972167969,
                "test_neg_recall": 0.8008156418800354,
                "test_neu_f1": 0.4518541395664215,
                "test_neu_precision": 0.45661982893943787,
                "test_neu_recall": 0.5019475221633911,
                "test_pos_f1": 0.6183488965034485,
                "test_pos_precision": 0.8102740049362183,
                "test_pos_recall": 0.5226576328277588,
                "test_micro_f1": 0.6270650029182434,
                "test_acc": 0.6270650029182434,
                "test_macro_f1": 0.5916967391967773,
                "test_macro_precision": 0.6375526189804077,
                "test_macro_recall": 0.6084733009338379
            },
            {
                "test_neg_f1": 0.7050908803939819,
                "test_neg_precision": 0.6339418292045593,
                "test_neg_recall": 0.8180227875709534,
                "test_neu_f1": 0.4401123821735382,
                "test_neu_precision": 0.44133689999580383,
                "test_neu_recall": 0.49463191628456116,
                "test_pos_f1": 0.5856447815895081,
                "test_pos_precision": 0.8253118991851807,
                "test_pos_recall": 0.47331702709198,
                "test_micro_f1": 0.6155011057853699,
                "test_acc": 0.6155011057853699,
                "test_macro_f1": 0.5769495964050293,
                "test_macro_precision": 0.63353031873703,
                "test_macro_recall": 0.5953237414360046
            },
            {
                "test_neg_f1": 0.7100226283073425,
                "test_neg_precision": 0.648626983165741,
                "test_neg_recall": 0.807965874671936,
                "test_neu_f1": 0.4505642354488373,
                "test_neu_precision": 0.44230303168296814,
                "test_neu_recall": 0.5125625729560852,
                "test_pos_f1": 0.6001441478729248,
                "test_pos_precision": 0.8188823461532593,
                "test_pos_recall": 0.4952406883239746,
                "test_micro_f1": 0.6234856843948364,
                "test_acc": 0.6234856843948364,
                "test_macro_f1": 0.5869105458259583,
                "test_macro_precision": 0.6366042494773865,
                "test_macro_recall": 0.6052563190460205
            },
            {
                "test_neg_f1": 0.7075164914131165,
                "test_neg_precision": 0.6350959539413452,
                "test_neg_recall": 0.8216677904129028,
                "test_neu_f1": 0.43317893147468567,
                "test_neu_precision": 0.43931102752685547,
                "test_neu_recall": 0.47876036167144775,
                "test_pos_f1": 0.5944969654083252,
                "test_pos_precision": 0.8100319504737854,
                "test_pos_recall": 0.49028873443603516,
                "test_micro_f1": 0.6179790496826172,
                "test_acc": 0.6179790496826172,
                "test_macro_f1": 0.5783973336219788,
                "test_macro_precision": 0.6281460523605347,
                "test_macro_recall": 0.5969055891036987
            },
            {
                "test_neg_f1": 0.7020795941352844,
                "test_neg_precision": 0.6370585560798645,
                "test_neg_recall": 0.8056793808937073,
                "test_neu_f1": 0.4355572462081909,
                "test_neu_precision": 0.42734819650650024,
                "test_neu_recall": 0.492687851190567,
                "test_pos_f1": 0.5884947180747986,
                "test_pos_precision": 0.8298438191413879,
                "test_pos_recall": 0.4781908690929413,
                "test_micro_f1": 0.6132984757423401,
                "test_acc": 0.6132984757423401,
                "test_macro_f1": 0.5753771662712097,
                "test_macro_precision": 0.6314169764518738,
                "test_macro_recall": 0.5921860337257385
            },
            {
                "test_neg_f1": 0.7081093788146973,
                "test_neg_precision": 0.6305912137031555,
                "test_neg_recall": 0.832027792930603,
                "test_neu_f1": 0.4375426471233368,
                "test_neu_precision": 0.4523066282272339,
                "test_neu_recall": 0.4706214666366577,
                "test_pos_f1": 0.5918514728546143,
                "test_pos_precision": 0.8183485269546509,
                "test_pos_recall": 0.48431605100631714,
                "test_micro_f1": 0.6205947399139404,
                "test_acc": 0.6205947399139404,
                "test_macro_f1": 0.5791680812835693,
                "test_macro_precision": 0.6337491869926453,
                "test_macro_recall": 0.595655083656311
            },
            {
                "test_neg_f1": 0.7037581205368042,
                "test_neg_precision": 0.6337258815765381,
                "test_neg_recall": 0.8148226141929626,
                "test_neu_f1": 0.43998923897743225,
                "test_neu_precision": 0.44529619812965393,
                "test_neu_recall": 0.49047642946243286,
                "test_pos_f1": 0.6052855849266052,
                "test_pos_precision": 0.83128821849823,
                "test_pos_recall": 0.4981679916381836,