{
    "model": "rnn",
    "lang": "es",
    "train_args": {
        "epochs": 5,
        "batch_size": 32,
        "eval_batch_size": 16,
        "warmup_ratio": 0.1,
        "limit": null,
        "bidirectional": true,
        "embeddings_path": "embeddings/cc.es.300.bin"
    },
    "evaluations": {
        "sentiment": [
            {
                "test_neg_f1": 0.6945337057113647,
                "test_neg_precision": 0.5830935835838318,
                "test_neg_recall": 0.8850420713424683,
                "test_neu_f1": 0.3277502655982971,
                "test_neu_precision": 0.44271859526634216,
                "test_neu_recall": 0.29263535141944885,
                "test_pos_f1": 0.6268489360809326,
                "test_pos_precision": 0.8099839091300964,
                "test_pos_recall": 0.5338817238807678,
                "test_micro_f1": 0.6098568439483643,
                "test_acc": 0.6098568439483643,
                "test_macro_f1": 0.5497109889984131,
                "test_macro_precision": 0.611932098865509,
                "test_macro_recall": 0.570519745349884
            },
            {
                "test_neg_f1": 0.6897392272949219,
                "test_neg_precision": 0.5707395672798157,
                "test_neg_recall": 0.9006003737449646,
                "test_neu_f1": 0.30759015679359436,
                "test_neu_precision": 0.46318864822387695,
                "test_neu_recall": 0.25935572385787964,
                "test_pos_f1": 0.6181347370147705,
                "test_pos_precision": 0.8024139404296875,
                "test_pos_recall": 0.5268110632896423,
                "test_micro_f1": 0.6040748953819275,
                "test_acc": 0.6040748953819275,
                "test_macro_f1": 0.53848797082901,
                "test_macro_precision": 0.6121141910552979,
                "test_macro_recall": 0.5622555613517761
            },
            {
                "test_neg_f1": 0.6955980062484741,
                "test_neg_precision": 0.5881825089454651,
                "test_neg_recall": 0.8785218000411987,
                "test_neu_f1": 0.33130180835723877,
                "test_neu_precision": 0.4376383125782013,
                "test_neu_recall": 0.2988489866256714,
                "test_pos_f1": 0.6230486631393433,
                "test_pos_precision": 0.8002954125404358,
                "test_pos_recall": 0.5316125154495239,
                "test_micro_f1": 0.6083425283432007,
                "test_acc": 0.6083425283432007,
                "test_macro_f1": 0.549983024597168,
                "test_macro_precision": 0.6087054014205933,
                "test_macro_recall": 0.5696611404418945
            },
            {
                "test_neg_f1": 0.6913950443267822,
                "test_neg_precision": 0.5719581842422485,
                "test_neg_recall": 0.9025021195411682,
                "test_neu_f1": 0.30030563473701477,
                "test_neu_precision": 0.4613191485404968,
                "test_neu_recall": 0.2494461089372635,
                "test_pos_f1": 0.6308649778366089,
                "test_pos_precision": 0.7993744611740112,
                "test_pos_recall": 0.5426276922225952,
                "test_micro_f1": 0.6076542139053345,
                "test_acc": 0.6076542139053345,
                "test_macro_f1": 0.5408549904823303,
                "test_macro_precision": 0.6108837127685547,
                "test_macro_recall": 0.5648587346076965
            },
            {
                "test_neg_f1": 0.6897727251052856,
                "test_neg_precision": 0.5742136836051941,
                "test_neg_recall": 0.8904990553855896,
                "test_neu_f1": 0.2916043996810913,
                "test_neu_precision": 0.43877166509628296,
                "test_neu_recall": 0.24051852524280548,
                "test_pos_f1": 0.6283184885978699,
                "test_pos_precision": 0.7757605910301208,
                "test_pos_recall": 0.5493439435958862,
                "test_micro_f1": 0.6053138971328735,
                "test_acc": 0.6053138971328735,
                "test_macro_f1": 0.5365650653839111,
                "test_macro_precision": 0.5962485671043396,
                "test_macro_recall": 0.5601205825805664
            },
            {
                "test_neg_f1": 0.6974326372146606,
                "test_neg_precision": 0.5938045978546143,
                "test_neg_recall": 0.8701985478401184,
                "test_neu_f1": 0.3567071259021759,
                "test_neu_precision": 0.45586124062538147,
                "test_neu_recall": 0.3273152709007263,
                "test_pos_f1": 0.618636965751648,
                "test_pos_precision": 0.8002767562866211,
                "test_pos_recall": 0.5266432762145996,
                "test_micro_f1": 0.6116464734077454,
                "test_acc": 0.6116464734077454,
                "test_macro_f1": 0.5575923323631287,
                "test_macro_precision": 0.6166476607322693,
                "test_macro_recall": 0.5747191309928894
            },
            {
                "test_neg_f1": 0.6947343349456787,
                "test_neg_precision": 0.5993695855140686,
                "test_neg_recall": 0.8525094985961914,
                "test_neu_f1": 0.3579309582710266,
                "test_neu_precision": 0.4461941123008728,
                "test_neu_recall": 0.3361343443393707,
                "test_pos_f1": 0.6284669041633606,
                "test_pos_precision": 0.7810485363006592,
                "test_pos_recall": 0.5499200820922852,
                "test_micro_f1": 0.6123347878456116,
                "test_acc": 0.6123347878456116,
                "test_macro_f1": 0.5603773593902588,
                "test_macro_precision": 0.6088707447052002,
                "test_macro_recall": 0.5795214772224426
            },
            {
                "test_neg_f1": 0.6931082010269165,
                "test_neg_precision": 0.5798707008361816,
                "test_neg_recall": 0.8889897465705872,
                "test_neu_f1": 0.3185133934020996,
                "test_neu_precision": 0.4496568739414215,
                "test_neu_recall": 0.270415723323822,
                "test_pos_f1": 0.6263842582702637,
                "test_pos_precision": 0.7841618657112122,
                "test_pos_recall": 0.5441325306892395,
                "test_micro_f1": 0.6105451583862305,
                "test_acc": 0.6105451583862305,
                "test_macro_f1": 0.5460017919540405,
                "test_macro_precision": 0.6045631766319275,
                "test_macro_recall": 0.5678460597991943
            },
            {
                "test_neg_f1": 0.6948071718215942,
                "test_neg_precision": 0.5891998410224915,
                "test_neg_recall": 0.8729454278945923,
                "test_neu_f1": 0.336921364068985,
                "test_neu_precision": 0.4382992088794708,
                "test_neu_recall": 0.3076988458633423,
                "test_pos_f1": 0.6203457117080688,
                "test_pos_precision": 0.8002508878707886,
                "test_pos_recall": 0.5303681492805481,
                "test_micro_f1": 0.6077918410301208,
                "test_acc": 0.6077918410301208,
                "test_macro_f1": 0.5506913661956787,
                "test_macro_precision": 0.6092498898506165,
                "test_macro_recall": 0.5703373551368713
            },
            {
                "test_neg_f1": 0.6981490254402161,
                "test_neg_precision": 0.601867139339447,
                "test_neg_recall": 0.8566304445266724,
                "test_neu_f1": 0.3570011556148529,
                "test_neu_precision": 0.45447665452957153,
                "test_neu_recall": 0.3287878632545471,
                "test_pos_f1": 0.6368803977966309,
                "test_pos_precision": 0.7830904126167297,
                "test_pos_recall": 0.5600018501281738,