{
    "model": "ffn",
    "lang": "es",
    "train_args": {
        "epochs": 5,
        "batch_size": 32,
        "eval_batch_size": 16,
        "warmup_ratio": 0.1,
        "limit": null,
        "embeddings_path": "embeddings/cc.es.300.bin"
    },
    "evaluations": {
        "sentiment": [
            {
                "test_neg_f1": 0.6763296723365784,
                "test_neg_precision": 0.5710667967796326,
                "test_neg_recall": 0.8553143739700317,
                "test_neu_f1": 0.2399153709411621,
                "test_neu_precision": 0.4068702757358551,
                "test_neu_recall": 0.18912968039512634,
                "test_pos_f1": 0.6216948628425598,
                "test_pos_precision": 0.7037509679794312,
                "test_pos_recall": 0.5852406620979309,
                "test_micro_f1": 0.5882433652877808,
                "test_acc": 0.5882433652877808,
                "test_macro_f1": 0.5126466751098633,
                "test_macro_precision": 0.5605628490447998,
                "test_macro_recall": 0.5432282090187073
            },
            {
                "test_neg_f1": 0.6737225651741028,
                "test_neg_precision": 0.5663054585456848,
                "test_neg_recall": 0.8576293587684631,
                "test_neu_f1": 0.2216363549232483,
                "test_neu_precision": 0.39797234535217285,
                "test_neu_recall": 0.17383919656276703,
                "test_pos_f1": 0.6212267279624939,
                "test_pos_precision": 0.7000237703323364,
                "test_pos_recall": 0.5865236520767212,
                "test_micro_f1": 0.5850771069526672,
                "test_acc": 0.5850771069526672,
                "test_macro_f1": 0.5055286288261414,
                "test_macro_precision": 0.5547671914100647,
                "test_macro_recall": 0.539330780506134
            },
            {
                "test_neg_f1": 0.6746286153793335,
                "test_neg_precision": 0.5687851905822754,
                "test_neg_recall": 0.8552860617637634,
                "test_neu_f1": 0.22829146683216095,
                "test_neu_precision": 0.3967958986759186,
                "test_neu_recall": 0.1790146380662918,
                "test_pos_f1": 0.6198031902313232,
                "test_pos_precision": 0.6979618668556213,
                "test_pos_recall": 0.5853140950202942,
                "test_micro_f1": 0.5854901075363159,
                "test_acc": 0.5854901075363159,
                "test_macro_f1": 0.5075744986534119,
                "test_macro_precision": 0.554514467716217,
                "test_macro_recall": 0.5398716926574707
            },
            {
                "test_neg_f1": 0.6748692393302917,
                "test_neg_precision": 0.5638247132301331,
                "test_neg_recall": 0.867169976234436,
                "test_neu_f1": 0.22084468603134155,
                "test_neu_precision": 0.40248429775238037,
                "test_neu_recall": 0.17248404026031494,
                "test_pos_f1": 0.6185417175292969,
                "test_pos_precision": 0.7058804035186768,
                "test_pos_recall": 0.578355610370636,
                "test_micro_f1": 0.5853524208068848,
                "test_acc": 0.5853524208068848,
                "test_macro_f1": 0.504751980304718,
                "test_macro_precision": 0.557396650314331,
                "test_macro_recall": 0.5393366813659668
            },
            {
                "test_neg_f1": 0.6754173040390015,
                "test_neg_precision": 0.5681036114692688,
                "test_neg_recall": 0.8592780232429504,
                "test_neu_f1": 0.23861104249954224,
                "test_neu_precision": 0.40671297907829285,
                "test_neu_recall": 0.1910007894039154,
                "test_pos_f1": 0.6208562254905701,
                "test_pos_precision": 0.7114826440811157,
                "test_pos_recall": 0.5783491730690002,
                "test_micro_f1": 0.5871420502662659,
                "test_acc": 0.5871420502662659,
                "test_macro_f1": 0.5116281509399414,
                "test_macro_precision": 0.5620997548103333,
                "test_macro_recall": 0.5428761839866638
            },
            {
                "test_neg_f1": 0.6752325296401978,
                "test_neg_precision": 0.5675584077835083,
                "test_neg_recall": 0.8596493005752563,
                "test_neu_f1": 0.23430384695529938,
                "test_neu_precision": 0.40524980425834656,
                "test_neu_recall": 0.18562567234039307,
                "test_pos_f1": 0.6210045218467712,
                "test_pos_precision": 0.7076164484024048,
                "test_pos_recall": 0.5809866786003113,
                "test_micro_f1": 0.5870044231414795,
                "test_acc": 0.5870044231414795,
                "test_macro_f1": 0.5101804137229919,
                "test_macro_precision": 0.5601416230201721,
                "test_macro_recall": 0.5420873165130615
            },
            {
                "test_neg_f1": 0.6746582984924316,
                "test_neg_precision": 0.5668919682502747,
                "test_neg_recall": 0.8594991564750671,
                "test_neu_f1": 0.23301801085472107,
                "test_neu_precision": 0.40581974387168884,
                "test_neu_recall": 0.18480122089385986,
                "test_pos_f1": 0.6196526885032654,
                "test_pos_precision": 0.7069879174232483,
                "test_pos_recall": 0.5790762305259705,
                "test_micro_f1": 0.5859031081199646,
                "test_acc": 0.5859031081199646,
                "test_macro_f1": 0.5091097950935364,
                "test_macro_precision": 0.5598998665809631,
                "test_macro_recall": 0.5411257147789001
            },
            {
                "test_neg_f1": 0.6754097938537598,
                "test_neg_precision": 0.5659601092338562,
                "test_neg_recall": 0.8644922971725464,
                "test_neu_f1": 0.2296617180109024,
                "test_neu_precision": 0.40016281604766846,
                "test_neu_recall": 0.18267160654067993,
                "test_pos_f1": 0.6188205480575562,
                "test_pos_precision": 0.7133093476295471,
                "test_pos_recall": 0.5742619633674622,
                "test_micro_f1": 0.5856277346611023,
                "test_acc": 0.5856277346611023,
                "test_macro_f1": 0.5079639554023743,
                "test_macro_precision": 0.5598109364509583,
                "test_macro_recall": 0.5404755473136902
            },
            {
                "test_neg_f1": 0.6758884191513062,
                "test_neg_precision": 0.5659156441688538,
                "test_neg_recall": 0.8652370572090149,
                "test_neu_f1": 0.22981460392475128,
                "test_neu_precision": 0.40126925706863403,
                "test_neu_recall": 0.18172143399715424,
                "test_pos_f1": 0.6200959086418152,
                "test_pos_precision": 0.7101432085037231,
                "test_pos_recall": 0.5782260298728943,
                "test_micro_f1": 0.587279736995697,
                "test_acc": 0.587279736995697,
                "test_macro_f1": 0.5085996985435486,
                "test_macro_precision": 0.5591095089912415,
                "test_macro_recall": 0.5417282581329346
            },
            {
                "test_neg_f1": 0.676430881023407,
                "test_neg_precision": 0.5663596391677856,
                "test_neg_recall": 0.8659122586250305,
                "test_neu_f1": 0.21428945660591125,
                "test_neu_precision": 0.40628471970558167,
                "test_neu_recall": 0.16324666142463684,
                "test_pos_f1": 0.6221436262130737,
                "test_pos_precision": 0.6971921920776367,
                "test_pos_recall": 0.5893347263336182,
                "test_micro_f1": 0.5868667364120483,