{
    "model": "ffn",
    "lang": "es",
    "train_args": {
        "epochs": 5,
        "batch_size": 32,
        "eval_batch_size": 16,
        "warmup_ratio": 0.1,
        "limit": null,
        "embeddings_path": "embeddings/tweet_dim_300_ws_5.bin"
    },
    "evaluations": {
        "sentiment": [
            {
                "test_neg_f1": 0.6822556853294373,
                "test_neg_precision": 0.5535621643066406,
                "test_neg_recall": 0.9184654355049133,
                "test_neu_f1": 0.27289560437202454,
                "test_neu_precision": 0.4148280620574951,
                "test_neu_recall": 0.2304074913263321,
                "test_pos_f1": 0.5741346478462219,
                "test_pos_precision": 0.8270173668861389,
                "test_pos_recall": 0.4631694257259369,
                "test_micro_f1": 0.5835627913475037,
                "test_acc": 0.5835627913475037,
                "test_macro_f1": 0.5097618103027344,
                "test_macro_precision": 0.598469078540802,
                "test_macro_recall": 0.5373476147651672
            },
            {
                "test_neg_f1": 0.6903191208839417,
                "test_neg_precision": 0.5664079785346985,
                "test_neg_recall": 0.9123508930206299,
                "test_neu_f1": 0.297480970621109,
                "test_neu_precision": 0.4256671071052551,
                "test_neu_recall": 0.2575339674949646,
                "test_pos_f1": 0.5860457420349121,
                "test_pos_precision": 0.8228214383125305,
                "test_pos_recall": 0.4778679311275482,
                "test_micro_f1": 0.5931993126869202,
                "test_acc": 0.5931993126869202,
                "test_macro_f1": 0.5246151089668274,
                "test_macro_precision": 0.6049655079841614,
                "test_macro_recall": 0.5492510795593262
            },
            {
                "test_neg_f1": 0.6856125593185425,
                "test_neg_precision": 0.5592615604400635,
                "test_neg_recall": 0.9153358936309814,
                "test_neu_f1": 0.28900131583213806,
                "test_neu_precision": 0.420659601688385,
                "test_neu_recall": 0.2475229799747467,
                "test_pos_f1": 0.5761312246322632,
                "test_pos_precision": 0.8300918936729431,
                "test_pos_recall": 0.46518611907958984,
                "test_micro_f1": 0.5876927375793457,
                "test_acc": 0.5876927375793457,
                "test_macro_f1": 0.516914963722229,
                "test_macro_precision": 0.6033375859260559,
                "test_macro_recall": 0.542681872844696
            },
            {
                "test_neg_f1": 0.683940589427948,
                "test_neg_precision": 0.5559916496276855,
                "test_neg_recall": 0.9176987409591675,
                "test_neu_f1": 0.2855212092399597,
                "test_neu_precision": 0.4271509349346161,
                "test_neu_recall": 0.24254295229911804,
                "test_pos_f1": 0.5765029788017273,
                "test_pos_precision": 0.828961193561554,
                "test_pos_recall": 0.4650636315345764,
                "test_micro_f1": 0.5870044231414795,
                "test_acc": 0.5870044231414795,
                "test_macro_f1": 0.5153214931488037,
                "test_macro_precision": 0.6040344834327698,
                "test_macro_recall": 0.5417686104774475
            },
            {
                "test_neg_f1": 0.684349000453949,
                "test_neg_precision": 0.5561729073524475,
                "test_neg_recall": 0.918985903263092,
                "test_neu_f1": 0.2783351540565491,
                "test_neu_precision": 0.4208621084690094,
                "test_neu_recall": 0.23464356362819672,
                "test_pos_f1": 0.5796817541122437,
                "test_pos_precision": 0.8257967829704285,
                "test_pos_recall": 0.4704209268093109,
                "test_micro_f1": 0.5871420502662659,
                "test_acc": 0.5871420502662659,
                "test_macro_f1": 0.5141218304634094,
                "test_macro_precision": 0.6009437441825867,
                "test_macro_recall": 0.541350245475769
            },
            {
                "test_neg_f1": 0.6874116659164429,
                "test_neg_precision": 0.5621877312660217,
                "test_neg_recall": 0.9133438467979431,
                "test_neu_f1": 0.2965083122253418,
                "test_neu_precision": 0.41663315892219543,
                "test_neu_recall": 0.25797659158706665,
                "test_pos_f1": 0.5691772103309631,
                "test_pos_precision": 0.83286452293396,
                "test_pos_recall": 0.4556598663330078,
                "test_micro_f1": 0.5870044231414795,
                "test_acc": 0.5870044231414795,
                "test_macro_f1": 0.5176990032196045,
                "test_macro_precision": 0.6038950085639954,
                "test_macro_recall": 0.5423269867897034
            },
            {
                "test_neg_f1": 0.6890373229980469,
                "test_neg_precision": 0.5635758638381958,
                "test_neg_recall": 0.9154059886932373,
                "test_neu_f1": 0.2949594557285309,
                "test_neu_precision": 0.4265992045402527,
                "test_neu_recall": 0.25383132696151733,
                "test_pos_f1": 0.5782596468925476,
                "test_pos_precision": 0.8275238871574402,
                "test_pos_recall": 0.46787673234939575,
                "test_micro_f1": 0.5904460549354553,
                "test_acc": 0.5904460549354553,
                "test_macro_f1": 0.520751953125,
                "test_macro_precision": 0.6058995723724365,
                "test_macro_recall": 0.5457049012184143
            },
            {
                "test_neg_f1": 0.6859572529792786,
                "test_neg_precision": 0.558856725692749,
                "test_neg_recall": 0.9170405864715576,
                "test_neu_f1": 0.2874428629875183,
                "test_neu_precision": 0.41855987906455994,
                "test_neu_recall": 0.24545277655124664,
                "test_pos_f1": 0.5726608633995056,
                "test_pos_precision": 0.8290640711784363,
                "test_pos_recall": 0.46075835824012756,
                "test_micro_f1": 0.5865914225578308,
                "test_acc": 0.5865914225578308,
                "test_macro_f1": 0.5153536200523376,
                "test_macro_precision": 0.6021600365638733,
                "test_macro_recall": 0.5410840511322021
            },
            {
                "test_neg_f1": 0.6879362463951111,
                "test_neg_precision": 0.5642374157905579,
                "test_neg_recall": 0.9101300835609436,
                "test_neu_f1": 0.2998995780944824,
                "test_neu_precision": 0.4138842821121216,
                "test_neu_recall": 0.26769521832466125,
                "test_pos_f1": 0.5680533051490784,
                "test_pos_precision": 0.8366599678993225,
                "test_pos_recall": 0.4532724916934967,
                "test_micro_f1": 0.5865914225578308,
                "test_acc": 0.5865914225578308,
                "test_macro_f1": 0.5186296105384827,
                "test_macro_precision": 0.604927122592926,
                "test_macro_recall": 0.5436995029449463
            },
            {
                "test_neg_f1": 0.6829712390899658,
                "test_neg_precision": 0.5545519590377808,
                "test_neg_recall": 0.9186632037162781,
                "test_neu_f1": 0.2761150002479553,
                "test_neu_precision": 0.40869858860969543,
                "test_neu_recall": 0.2342759668827057,
                "test_pos_f1": 0.5692971348762512,
                "test_pos_precision": 0.8329277038574219,
                "test_pos_recall": 0.4556885063648224,
                "test_micro_f1": 0.5824614763259888,