{
    "model": "rnn",
    "lang": "es",
    "train_args": {
        "epochs": 5,
        "batch_size": 32,
        "eval_batch_size": 16,
        "warmup_ratio": 0.1,
        "limit": null,
        "embeddings_path": "embeddings/tweet_dim_300_ws_5.bin"
    },
    "evaluations": {
        "sentiment": [
            {
                "test_neg_f1": 0.7173498272895813,
                "test_neg_precision": 0.6473581194877625,
                "test_neg_recall": 0.827200174331665,
                "test_neu_f1": 0.42637932300567627,
                "test_neu_precision": 0.5048868656158447,
                "test_neu_recall": 0.41231200098991394,
                "test_pos_f1": 0.6627333760261536,
                "test_pos_precision": 0.7555426955223083,
                "test_pos_recall": 0.6139160990715027,
                "test_micro_f1": 0.6437224745750427,
                "test_acc": 0.6437224745750427,
                "test_macro_f1": 0.602154016494751,
                "test_macro_precision": 0.6359289884567261,
                "test_macro_recall": 0.6178092956542969
            },
            {
                "test_neg_f1": 0.7140111923217773,
                "test_neg_precision": 0.6500740647315979,
                "test_neg_recall": 0.8144487738609314,
                "test_neu_f1": 0.4262790083885193,
                "test_neu_precision": 0.4908080995082855,
                "test_neu_recall": 0.42126893997192383,
                "test_pos_f1": 0.6587207913398743,
                "test_pos_precision": 0.752885103225708,
                "test_pos_recall": 0.6101505756378174,
                "test_micro_f1": 0.640418529510498,
                "test_acc": 0.640418529510498,
                "test_macro_f1": 0.5996702909469604,
                "test_macro_precision": 0.6312555074691772,
                "test_macro_recall": 0.6152893900871277
            },
            {
                "test_neg_f1": 0.7132810950279236,
                "test_neg_precision": 0.652996838092804,
                "test_neg_recall": 0.8085994124412537,
                "test_neu_f1": 0.433238685131073,
                "test_neu_precision": 0.48140352964401245,
                "test_neu_recall": 0.43884357810020447,
                "test_pos_f1": 0.6604270935058594,
                "test_pos_precision": 0.7624749541282654,
                "test_pos_recall": 0.6046575307846069,
                "test_micro_f1": 0.6405561566352844,
                "test_acc": 0.6405561566352844,
                "test_macro_f1": 0.6023156642913818,
                "test_macro_precision": 0.6322915554046631,
                "test_macro_recall": 0.6173667907714844
            },
            {
                "test_neg_f1": 0.7104137539863586,
                "test_neg_precision": 0.6518154740333557,
                "test_neg_recall": 0.8029763698577881,
                "test_neu_f1": 0.4306488633155823,
                "test_neu_precision": 0.4850062131881714,
                "test_neu_recall": 0.43110042810440063,
                "test_pos_f1": 0.6633013486862183,
                "test_pos_precision": 0.753913938999176,
                "test_pos_recall": 0.6151784658432007,
                "test_micro_f1": 0.640418529510498,
                "test_acc": 0.640418529510498,
                "test_macro_f1": 0.6014546155929565,
                "test_macro_precision": 0.6302449703216553,
                "test_macro_recall": 0.6164183616638184
            },
            {
                "test_neg_f1": 0.7163373231887817,
                "test_neg_precision": 0.645625114440918,
                "test_neg_recall": 0.8259238600730896,
                "test_neu_f1": 0.4242411255836487,
                "test_neu_precision": 0.49483153223991394,
                "test_neu_recall": 0.4135727286338806,
                "test_pos_f1": 0.6590218544006348,
                "test_pos_precision": 0.7568133473396301,
                "test_pos_recall": 0.6055164337158203,
                "test_micro_f1": 0.6416574716567993,
                "test_acc": 0.6416574716567993,
                "test_macro_f1": 0.5998665690422058,
                "test_macro_precision": 0.6324229836463928,
                "test_macro_recall": 0.6150040626525879
            },
            {
                "test_neg_f1": 0.7096731662750244,
                "test_neg_precision": 0.6548541188240051,
                "test_neg_recall": 0.7975175976753235,
                "test_neu_f1": 0.4253212809562683,
                "test_neu_precision": 0.48105770349502563,
                "test_neu_recall": 0.4271481931209564,
                "test_pos_f1": 0.6649855971336365,
                "test_pos_precision": 0.7443538904190063,
                "test_pos_recall": 0.6240888237953186,
                "test_micro_f1": 0.6394548416137695,
                "test_acc": 0.6394548416137695,
                "test_macro_f1": 0.5999935865402222,
                "test_macro_precision": 0.6267549395561218,
                "test_macro_recall": 0.6162513494491577
            },
            {
                "test_neg_f1": 0.7159249186515808,
                "test_neg_precision": 0.6451063752174377,
                "test_neg_recall": 0.8265650868415833,
                "test_neu_f1": 0.4248714745044708,
                "test_neu_precision": 0.4968824088573456,
                "test_neu_recall": 0.41442734003067017,
                "test_pos_f1": 0.6586750745773315,
                "test_pos_precision": 0.7559574246406555,
                "test_pos_recall": 0.6066411733627319,
                "test_micro_f1": 0.6424834728240967,
                "test_acc": 0.6424834728240967,
                "test_macro_f1": 0.5998237133026123,
                "test_macro_precision": 0.6326485276222229,
                "test_macro_recall": 0.6158779263496399
            },
            {
                "test_neg_f1": 0.7107645273208618,
                "test_neg_precision": 0.6640810370445251,
                "test_neg_recall": 0.7864976525306702,
                "test_neu_f1": 0.4301195442676544,
                "test_neu_precision": 0.48920607566833496,
                "test_neu_recall": 0.42946943640708923,
                "test_pos_f1": 0.6694902777671814,
                "test_pos_precision": 0.729193389415741,
                "test_pos_recall": 0.6423940062522888,
                "test_micro_f1": 0.6426211595535278,
                "test_acc": 0.6426211595535278,
                "test_macro_f1": 0.6034581065177917,
                "test_macro_precision": 0.6274930834770203,
                "test_macro_recall": 0.6194537878036499
            },
            {
                "test_neg_f1": 0.7145073413848877,
                "test_neg_precision": 0.63901686668396,
                "test_neg_recall": 0.8331239819526672,
                "test_neu_f1": 0.424006849527359,
                "test_neu_precision": 0.4817063510417938,
                "test_neu_recall": 0.41933688521385193,
                "test_pos_f1": 0.6460707187652588,
                "test_pos_precision": 0.775458037853241,
                "test_pos_recall": 0.5756545662879944,
                "test_micro_f1": 0.6373898386955261,
                "test_acc": 0.6373898386955261,
                "test_macro_f1": 0.5948614478111267,
                "test_macro_precision": 0.6320605278015137,
                "test_macro_recall": 0.609371542930603
            },
            {
                "test_neg_f1": 0.7167673110961914,
                "test_neg_precision": 0.6537438035011292,
                "test_neg_recall": 0.8153572678565979,
                "test_neu_f1": 0.4291990101337433,
                "test_neu_precision": 0.49619168043136597,
                "test_neu_recall": 0.42495015263557434,
                "test_pos_f1": 0.6635552644729614,
                "test_pos_precision": 0.7542265057563782,
                "test_pos_recall": 0.6166785359382629,
                "test_micro_f1": 0.6444107890129089,