{
    "model": "rnn",
    "lang": "es",
    "train_args": {
        "epochs": 5,
        "batch_size": 32,
        "eval_batch_size": 16,
        "warmup_ratio": 0.1,
        "limit": null,
        "embeddings_path": "embeddings/cc.es.300.bin"
    },
    "evaluations": {
        "sentiment": [
            {
                "test_neg_f1": 0.6907668113708496,
                "test_neg_precision": 0.6078285574913025,
                "test_neg_recall": 0.823542058467865,
                "test_neu_f1": 0.35812169313430786,
                "test_neu_precision": 0.4489273428916931,
                "test_neu_recall": 0.3359702229499817,
                "test_pos_f1": 0.6335574388504028,
                "test_pos_precision": 0.7418383359909058,
                "test_pos_recall": 0.5778562426567078,
                "test_micro_f1": 0.6109581589698792,
                "test_acc": 0.6109581589698792,
                "test_macro_f1": 0.560815155506134,
                "test_macro_precision": 0.5995312929153442,
                "test_macro_recall": 0.5791230797767639
            },
            {
                "test_neg_f1": 0.6917314529418945,
                "test_neg_precision": 0.6083961129188538,
                "test_neg_recall": 0.8251028656959534,
                "test_neu_f1": 0.38198062777519226,
                "test_neu_precision": 0.45173314213752747,
                "test_neu_recall": 0.376334011554718,
                "test_pos_f1": 0.616036057472229,
                "test_pos_precision": 0.7666457295417786,
                "test_pos_recall": 0.5389971137046814,
                "test_micro_f1": 0.6094438433647156,
                "test_acc": 0.6094438433647156,
                "test_macro_f1": 0.563249409198761,
                "test_macro_precision": 0.608924925327301,
                "test_macro_recall": 0.5801447629928589
            },
            {
                "test_neg_f1": 0.6912966370582581,
                "test_neg_precision": 0.6172983050346375,
                "test_neg_recall": 0.8084719777107239,
                "test_neu_f1": 0.3680238127708435,
                "test_neu_precision": 0.44586968421936035,
                "test_neu_recall": 0.3451312184333801,
                "test_pos_f1": 0.6380699872970581,
                "test_pos_precision": 0.7291979789733887,
                "test_pos_recall": 0.5921847820281982,
                "test_micro_f1": 0.6139867901802063,
                "test_acc": 0.6139867901802063,
                "test_macro_f1": 0.5657967329025269,
                "test_macro_precision": 0.5974554419517517,
                "test_macro_recall": 0.5819295048713684
            },
            {
                "test_neg_f1": 0.6918162703514099,
                "test_neg_precision": 0.6115933656692505,
                "test_neg_recall": 0.820655107498169,
                "test_neu_f1": 0.3736318051815033,
                "test_neu_precision": 0.444775253534317,
                "test_neu_recall": 0.36066657304763794,
                "test_pos_f1": 0.6209431290626526,
                "test_pos_precision": 0.7555869817733765,
                "test_pos_recall": 0.551930844783783,
                "test_micro_f1": 0.6086178421974182,
                "test_acc": 0.6086178421974182,
                "test_macro_f1": 0.5621301531791687,
                "test_macro_precision": 0.603985071182251,
                "test_macro_recall": 0.5777508616447449
            },
            {
                "test_neg_f1": 0.6887780427932739,
                "test_neg_precision": 0.6070800423622131,
                "test_neg_recall": 0.820173978805542,
                "test_neu_f1": 0.37167325615882874,
                "test_neu_precision": 0.4401824176311493,
                "test_neu_recall": 0.3622347116470337,
                "test_pos_f1": 0.6255134344100952,
                "test_pos_precision": 0.7628234028816223,
                "test_pos_recall": 0.5548443794250488,
                "test_micro_f1": 0.6086178421974182,
                "test_acc": 0.6086178421974182,
                "test_macro_f1": 0.561988353729248,
                "test_macro_precision": 0.6033621430397034,
                "test_macro_recall": 0.579084575176239
            },
            {
                "test_neg_f1": 0.6900404095649719,
                "test_neg_precision": 0.5999196767807007,
                "test_neg_recall": 0.8369540572166443,
                "test_neu_f1": 0.36012154817581177,
                "test_neu_precision": 0.44237586855888367,
                "test_neu_recall": 0.3404441177845001,
                "test_pos_f1": 0.6166848540306091,
                "test_pos_precision": 0.7688828706741333,
                "test_pos_recall": 0.5391378998756409,
                "test_micro_f1": 0.6058645248413086,
                "test_acc": 0.6058645248413086,
                "test_macro_f1": 0.5556154251098633,
                "test_macro_precision": 0.6037260293960571,
                "test_macro_recall": 0.572178840637207
            },
            {
                "test_neg_f1": 0.6895648241043091,
                "test_neg_precision": 0.6116771101951599,
                "test_neg_recall": 0.8134064674377441,
                "test_neu_f1": 0.37498950958251953,
                "test_neu_precision": 0.44527968764305115,
                "test_neu_recall": 0.36088019609451294,
                "test_pos_f1": 0.6289563179016113,
                "test_pos_precision": 0.7520542740821838,
                "test_pos_recall": 0.5648959875106812,
                "test_micro_f1": 0.610820472240448,
                "test_acc": 0.610820472240448,
                "test_macro_f1": 0.5645036101341248,
                "test_macro_precision": 0.6030036211013794,
                "test_macro_recall": 0.5797277092933655
            },
            {
                "test_neg_f1": 0.6909798979759216,
                "test_neg_precision": 0.6096556186676025,
                "test_neg_recall": 0.8205398917198181,
                "test_neu_f1": 0.3643503487110138,
                "test_neu_precision": 0.44349271059036255,
                "test_neu_recall": 0.3410346210002899,
                "test_pos_f1": 0.634792149066925,
                "test_pos_precision": 0.7454116344451904,
                "test_pos_recall": 0.5766398310661316,
                "test_micro_f1": 0.6124724745750427,
                "test_acc": 0.6124724745750427,
                "test_macro_f1": 0.5633741021156311,
                "test_macro_precision": 0.5995197296142578,
                "test_macro_recall": 0.5794049501419067
            },
            {
                "test_neg_f1": 0.6905809044837952,
                "test_neg_precision": 0.6117326021194458,
                "test_neg_recall": 0.8156555891036987,
                "test_neu_f1": 0.37678107619285583,
                "test_neu_precision": 0.4425342381000519,
                "test_neu_recall": 0.36627888679504395,
                "test_pos_f1": 0.6240838766098022,
                "test_pos_precision": 0.7552072405815125,
                "test_pos_recall": 0.5567348003387451,
                "test_micro_f1": 0.6098568439483643,
                "test_acc": 0.6098568439483643,
                "test_macro_f1": 0.5638151168823242,
                "test_macro_precision": 0.6031579375267029,
                "test_macro_recall": 0.5795565247535706
            },
            {
                "test_neg_f1": 0.6909281611442566,
                "test_neg_precision": 0.6131582260131836,
                "test_neg_recall": 0.8140348196029663,
                "test_neu_f1": 0.3817063271999359,
                "test_neu_precision": 0.4436928927898407,
                "test_neu_recall": 0.373174786567688,
                "test_pos_f1": 0.6265237331390381,
                "test_pos_precision": 0.7590441107749939,
                "test_pos_recall": 0.5568304061889648,
                "test_micro_f1": 0.6117841601371765,