{
    "model": "rnn",
    "lang": "es",
    "train_args": {
        "epochs": 5,
        "batch_size": 32,
        "eval_batch_size": 16,
        "warmup_ratio": 0.1,
        "limit": null,
        "embeddings_path": "embeddings/tweet_dim_300_ws_5.bin"
    },
    "evaluations": {
        "sentiment": [
            {
                "test_neg_f1": 0.7122265100479126,
                "test_neg_precision": 0.6559169292449951,
                "test_neg_recall": 0.801863968372345,
                "test_neu_f1": 0.4229956269264221,
                "test_neu_precision": 0.48965537548065186,
                "test_neu_recall": 0.41638824343681335,
                "test_pos_f1": 0.6687401533126831,
                "test_pos_precision": 0.7410901188850403,
                "test_pos_recall": 0.6342419981956482,
                "test_micro_f1": 0.6419328451156616,
                "test_acc": 0.6419328451156616,
                "test_macro_f1": 0.6013210415840149,
                "test_macro_precision": 0.6288873553276062,
                "test_macro_recall": 0.6174980401992798
            },
            {
                "test_neg_f1": 0.7118008136749268,
                "test_neg_precision": 0.6493663787841797,
                "test_neg_recall": 0.8101465106010437,
                "test_neu_f1": 0.4254164695739746,
                "test_neu_precision": 0.4900350272655487,
                "test_neu_recall": 0.41994708776474,
                "test_pos_f1": 0.6642298102378845,
                "test_pos_precision": 0.7547011971473694,
                "test_pos_recall": 0.616558849811554,
                "test_micro_f1": 0.6401431560516357,
                "test_acc": 0.6401431560516357,
                "test_macro_f1": 0.6004822850227356,
                "test_macro_precision": 0.6313674449920654,
                "test_macro_recall": 0.6155507564544678
            },
            {
                "test_neg_f1": 0.7187469601631165,
                "test_neg_precision": 0.651615560054779,
                "test_neg_recall": 0.8237619400024414,
                "test_neu_f1": 0.4299072027206421,
                "test_neu_precision": 0.49476003646850586,
                "test_neu_recall": 0.42584019899368286,
                "test_pos_f1": 0.6658835411071777,
                "test_pos_precision": 0.7692757248878479,
                "test_pos_recall": 0.6101558804512024,
                "test_micro_f1": 0.6459251046180725,
                "test_acc": 0.6459251046180725,
                "test_macro_f1": 0.6048458218574524,
                "test_macro_precision": 0.638550341129303,
                "test_macro_recall": 0.6199193000793457
            },
            {
                "test_neg_f1": 0.7150635719299316,
                "test_neg_precision": 0.6495612859725952,
                "test_neg_recall": 0.8171688914299011,
                "test_neu_f1": 0.42562347650527954,
                "test_neu_precision": 0.4879246950149536,
                "test_neu_recall": 0.4224780201911926,
                "test_pos_f1": 0.6596928834915161,
                "test_pos_precision": 0.7589631080627441,
                "test_pos_recall": 0.6072478294372559,
                "test_micro_f1": 0.6409691572189331,
                "test_acc": 0.6409691572189331,
                "test_macro_f1": 0.6001268029212952,
                "test_macro_precision": 0.6321495175361633,
                "test_macro_recall": 0.6156315207481384
            },
            {
                "test_neg_f1": 0.7142528891563416,
                "test_neg_precision": 0.6601203083992004,
                "test_neg_recall": 0.7992846965789795,
                "test_neu_f1": 0.4298897087574005,
                "test_neu_precision": 0.49287521839141846,
                "test_neu_recall": 0.42565426230430603,
                "test_pos_f1": 0.6716731786727905,
                "test_pos_precision": 0.7409225702285767,
                "test_pos_recall": 0.6378031969070435,
                "test_micro_f1": 0.6449614763259888,
                "test_acc": 0.6449614763259888,
                "test_macro_f1": 0.6052720546722412,
                "test_macro_precision": 0.6313055753707886,
                "test_macro_recall": 0.6209138631820679
            },
            {
                "test_neg_f1": 0.7103909850120544,
                "test_neg_precision": 0.6657782196998596,
                "test_neg_recall": 0.7834863662719727,
                "test_neu_f1": 0.427137166261673,
                "test_neu_precision": 0.48262593150138855,
                "test_neu_recall": 0.43064796924591064,
                "test_pos_f1": 0.6694217920303345,
                "test_pos_precision": 0.7347884774208069,
                "test_pos_recall": 0.6397004127502441,
                "test_micro_f1": 0.6409691572189331,
                "test_acc": 0.6409691572189331,
                "test_macro_f1": 0.6023166179656982,
                "test_macro_precision": 0.6277304887771606,
                "test_macro_recall": 0.6179447770118713
            },
            {
                "test_neg_f1": 0.7127935886383057,
                "test_neg_precision": 0.6462510824203491,
                "test_neg_recall": 0.8167048096656799,
                "test_neu_f1": 0.4206647574901581,
                "test_neu_precision": 0.4908939003944397,
                "test_neu_recall": 0.4127136766910553,
                "test_pos_f1": 0.6587403416633606,
                "test_pos_precision": 0.7525914311408997,
                "test_pos_recall": 0.6091397404670715,
                "test_micro_f1": 0.6394548416137695,
                "test_acc": 0.6394548416137695,
                "test_macro_f1": 0.5973994135856628,
                "test_macro_precision": 0.6299116015434265,
                "test_macro_recall": 0.6128525137901306
            },
            {
                "test_neg_f1": 0.7154489159584045,
                "test_neg_precision": 0.6494098901748657,
                "test_neg_recall": 0.818953812122345,
                "test_neu_f1": 0.4230782985687256,
                "test_neu_precision": 0.49353495240211487,
                "test_neu_recall": 0.41684049367904663,
                "test_pos_f1": 0.6649726629257202,
                "test_pos_precision": 0.7587158679962158,
                "test_pos_recall": 0.6155567765235901,
                "test_micro_f1": 0.6428964734077454,
                "test_acc": 0.6428964734077454,
                "test_macro_f1": 0.6011666655540466,
                "test_macro_precision": 0.6338865756988525,
                "test_macro_recall": 0.6171169281005859
            },
            {
                "test_neg_f1": 0.7132238745689392,
                "test_neg_precision": 0.6542079448699951,
                "test_neg_recall": 0.8054155111312866,
                "test_neu_f1": 0.43610063195228577,
                "test_neu_precision": 0.4925205707550049,
                "test_neu_recall": 0.439330518245697,
                "test_pos_f1": 0.6635400652885437,
                "test_pos_precision": 0.7579158544540405,
                "test_pos_recall": 0.6140355467796326,
                "test_micro_f1": 0.6423457860946655,
                "test_acc": 0.6423457860946655,
                "test_macro_f1": 0.6042880415916443,
                "test_macro_precision": 0.634881317615509,
                "test_macro_recall": 0.6195937991142273
            },
            {
                "test_neg_f1": 0.7157201766967773,
                "test_neg_precision": 0.6475389003753662,
                "test_neg_recall": 0.821811318397522,
                "test_neu_f1": 0.4313580095767975,
                "test_neu_precision": 0.5040186643600464,
                "test_neu_recall": 0.4185216426849365,
                "test_pos_f1": 0.6629486083984375,
                "test_pos_precision": 0.7525322437286377,
                "test_pos_recall": 0.6160455346107483,
                "test_micro_f1": 0.6444107890129089,