{
    "model": "rnn",
    "lang": "es",
    "train_args": {
        "epochs": 5,
        "batch_size": 32,
        "eval_batch_size": 16,
        "warmup_ratio": 0.1,
        "limit": null,
        "embeddings_path": "embeddings/tweet_dim_300_ws_5.bin"
    },
    "evaluations": {
        "sentiment": [
            {
                "test_neg_f1": 0.7175300121307373,
                "test_neg_precision": 0.6396781206130981,
                "test_neg_recall": 0.8400768637657166,
                "test_neu_f1": 0.40534108877182007,
                "test_neu_precision": 0.5009230971336365,
                "test_neu_recall": 0.3766425848007202,
                "test_pos_f1": 0.6676063537597656,
                "test_pos_precision": 0.7533607482910156,
                "test_pos_recall": 0.622003972530365,
                "test_micro_f1": 0.6426211595535278,
                "test_acc": 0.6426211595535278,
                "test_macro_f1": 0.5968257784843445,
                "test_macro_precision": 0.6313207149505615,
                "test_macro_recall": 0.6129077672958374
            },
            {
                "test_neg_f1": 0.7130749821662903,
                "test_neg_precision": 0.6309104561805725,
                "test_neg_recall": 0.8418716192245483,
                "test_neu_f1": 0.39458996057510376,
                "test_neu_precision": 0.49048805236816406,
                "test_neu_recall": 0.37058785557746887,
                "test_pos_f1": 0.6617806553840637,
                "test_pos_precision": 0.7670876979827881,
                "test_pos_recall": 0.6060214042663574,
                "test_micro_f1": 0.6373898386955261,
                "test_acc": 0.6373898386955261,
                "test_macro_f1": 0.5898151397705078,
                "test_macro_precision": 0.6294955015182495,
                "test_macro_recall": 0.6061601638793945
            },
            {
                "test_neg_f1": 0.7157109975814819,
                "test_neg_precision": 0.6326697468757629,
                "test_neg_recall": 0.8458284735679626,
                "test_neu_f1": 0.3982366919517517,
                "test_neu_precision": 0.4896223545074463,
                "test_neu_recall": 0.3731372654438019,
                "test_pos_f1": 0.6624964475631714,
                "test_pos_precision": 0.7649557590484619,
                "test_pos_recall": 0.6068299412727356,
                "test_micro_f1": 0.6393171548843384,
                "test_acc": 0.6393171548843384,
                "test_macro_f1": 0.5921481847763062,
                "test_macro_precision": 0.6290825009346008,
                "test_macro_recall": 0.6085984706878662
            },
            {
                "test_neg_f1": 0.7129998803138733,
                "test_neg_precision": 0.6364195942878723,
                "test_neg_recall": 0.8317323327064514,
                "test_neu_f1": 0.4031667113304138,
                "test_neu_precision": 0.49022412300109863,
                "test_neu_recall": 0.37986862659454346,
                "test_pos_f1": 0.6633269786834717,
                "test_pos_precision": 0.7564207911491394,
                "test_pos_recall": 0.6150244474411011,
                "test_micro_f1": 0.6383535265922546,
                "test_acc": 0.6383535265922546,
                "test_macro_f1": 0.5931643843650818,
                "test_macro_precision": 0.6276881098747253,
                "test_macro_recall": 0.6088749766349792
            },
            {
                "test_neg_f1": 0.714400053024292,
                "test_neg_precision": 0.6340000629425049,
                "test_neg_recall": 0.8398492336273193,
                "test_neu_f1": 0.40631285309791565,
                "test_neu_precision": 0.48939019441604614,
                "test_neu_recall": 0.3862614929676056,
                "test_pos_f1": 0.6615887880325317,
                "test_pos_precision": 0.7675245404243469,
                "test_pos_recall": 0.6043023467063904,
                "test_micro_f1": 0.6394548416137695,
                "test_acc": 0.6394548416137695,
                "test_macro_f1": 0.5941006541252136,
                "test_macro_precision": 0.6303048133850098,
                "test_macro_recall": 0.6101378798484802
            },
            {
                "test_neg_f1": 0.7130438685417175,
                "test_neg_precision": 0.6368191838264465,
                "test_neg_recall": 0.8327043056488037,
                "test_neu_f1": 0.4029920995235443,
                "test_neu_precision": 0.48930463194847107,
                "test_neu_recall": 0.38472193479537964,
                "test_pos_f1": 0.6622157096862793,
                "test_pos_precision": 0.7537203431129456,
                "test_pos_recall": 0.6134376525878906,
                "test_micro_f1": 0.6380782127380371,
                "test_acc": 0.6380782127380371,
                "test_macro_f1": 0.5927504897117615,
                "test_macro_precision": 0.6266148090362549,
                "test_macro_recall": 0.6102878451347351
            },
            {
                "test_neg_f1": 0.7173377871513367,
                "test_neg_precision": 0.6340591907501221,
                "test_neg_recall": 0.848017692565918,
                "test_neu_f1": 0.40332016348838806,
                "test_neu_precision": 0.4931240677833557,
                "test_neu_recall": 0.37842291593551636,
                "test_pos_f1": 0.6646285057067871,
                "test_pos_precision": 0.7702977657318115,
                "test_pos_recall": 0.6071053147315979,
                "test_micro_f1": 0.6411068439483643,
                "test_acc": 0.6411068439483643,
                "test_macro_f1": 0.5950952768325806,
                "test_macro_precision": 0.6324937343597412,
                "test_macro_recall": 0.611181914806366
            },
            {
                "test_neg_f1": 0.7140473127365112,
                "test_neg_precision": 0.6320986747741699,
                "test_neg_recall": 0.8419435620307922,
                "test_neu_f1": 0.39583688974380493,
                "test_neu_precision": 0.49652859568595886,
                "test_neu_recall": 0.36443307995796204,
                "test_pos_f1": 0.6642878651618958,
                "test_pos_precision": 0.7513530850410461,
                "test_pos_recall": 0.6178295612335205,
                "test_micro_f1": 0.6393171548843384,
                "test_acc": 0.6393171548843384,
                "test_macro_f1": 0.59139084815979,
                "test_macro_precision": 0.626660168170929,
                "test_macro_recall": 0.6080687642097473
            },
            {
                "test_neg_f1": 0.7144796252250671,
                "test_neg_precision": 0.6321138143539429,
                "test_neg_recall": 0.8438517451286316,
                "test_neu_f1": 0.39570844173431396,
                "test_neu_precision": 0.48862433433532715,
                "test_neu_recall": 0.37296217679977417,
                "test_pos_f1": 0.6591486930847168,
                "test_pos_precision": 0.7651919722557068,
                "test_pos_recall": 0.6021270751953125,
                "test_micro_f1": 0.6367015242576599,
                "test_acc": 0.6367015242576599,
                "test_macro_f1": 0.5897786617279053,
                "test_macro_precision": 0.6286433339118958,
                "test_macro_recall": 0.6063135862350464
            },
            {
                "test_neg_f1": 0.7140108942985535,
                "test_neg_precision": 0.633533775806427,
                "test_neg_recall": 0.8401417136192322,
                "test_neu_f1": 0.3962838351726532,
                "test_neu_precision": 0.49912118911743164,
                "test_neu_recall": 0.3640352189540863,
                "test_pos_f1": 0.670472264289856,
                "test_pos_precision": 0.7551464438438416,
                "test_pos_recall": 0.627095639705658,
                "test_micro_f1": 0.642070472240448,