{
    "model": "rnn",
    "lang": "es",
    "train_args": {
        "epochs": 5,
        "batch_size": 32,
        "eval_batch_size": 16,
        "warmup_ratio": 0.1,
        "limit": null,
        "embeddings_path": "embeddings/cc.es.300.bin"
    },
    "evaluations": {
        "sentiment": [
            {
                "test_neg_f1": 0.6917091608047485,
                "test_neg_precision": 0.6079950928688049,
                "test_neg_recall": 0.8255492448806763,
                "test_neu_f1": 0.3582940995693207,
                "test_neu_precision": 0.451678067445755,
                "test_neu_recall": 0.3357640504837036,
                "test_pos_f1": 0.6290477514266968,
                "test_pos_precision": 0.7402174472808838,
                "test_pos_recall": 0.5725215077400208,
                "test_micro_f1": 0.6101321578025818,
                "test_acc": 0.6101321578025818,
                "test_macro_f1": 0.5596837401390076,
                "test_macro_precision": 0.5999634861946106,
                "test_macro_recall": 0.5779451131820679
            },
            {
                "test_neg_f1": 0.6886705756187439,
                "test_neg_precision": 0.6018929481506348,
                "test_neg_recall": 0.8285975456237793,
                "test_neu_f1": 0.3694581985473633,
                "test_neu_precision": 0.4514021873474121,
                "test_neu_recall": 0.3534001111984253,
                "test_pos_f1": 0.6253852248191833,
                "test_pos_precision": 0.7628098726272583,
                "test_pos_recall": 0.553846538066864,
                "test_micro_f1": 0.6093061566352844,
                "test_acc": 0.6093061566352844,
                "test_macro_f1": 0.5611714720726013,
                "test_macro_precision": 0.605368435382843,
                "test_macro_recall": 0.5786148905754089
            },
            {
                "test_neg_f1": 0.6903380751609802,
                "test_neg_precision": 0.6091094017028809,
                "test_neg_recall": 0.8191850185394287,
                "test_neu_f1": 0.371995747089386,
                "test_neu_precision": 0.44956129789352417,
                "test_neu_recall": 0.3559124767780304,
                "test_pos_f1": 0.6284657716751099,
                "test_pos_precision": 0.7488254308700562,
                "test_pos_recall": 0.5662389397621155,
                "test_micro_f1": 0.6112334728240967,
                "test_acc": 0.6112334728240967,
                "test_macro_f1": 0.5635998845100403,
                "test_macro_precision": 0.6024987101554871,
                "test_macro_recall": 0.5804455876350403
            },
            {
                "test_neg_f1": 0.690220296382904,
                "test_neg_precision": 0.6069435477256775,
                "test_neg_recall": 0.8227501511573792,
                "test_neu_f1": 0.3637736439704895,
                "test_neu_precision": 0.4537043869495392,
                "test_neu_recall": 0.33722907304763794,
                "test_pos_f1": 0.631338894367218,
                "test_pos_precision": 0.7425824999809265,
                "test_pos_recall": 0.5737133026123047,
                "test_micro_f1": 0.612059473991394,
                "test_acc": 0.612059473991394,
                "test_macro_f1": 0.561777651309967,
                "test_macro_precision": 0.6010767221450806,
                "test_macro_recall": 0.5778976082801819
            },
            {
                "test_neg_f1": 0.6896466016769409,
                "test_neg_precision": 0.6078892946243286,
                "test_neg_recall": 0.8197166919708252,
                "test_neu_f1": 0.36529743671417236,
                "test_neu_precision": 0.4467858374118805,
                "test_neu_recall": 0.3448646366596222,
                "test_pos_f1": 0.6293538212776184,
                "test_pos_precision": 0.7463261485099792,
                "test_pos_recall": 0.5677581429481506,
                "test_micro_f1": 0.609581470489502,
                "test_acc": 0.609581470489502,
                "test_macro_f1": 0.5614325404167175,
                "test_macro_precision": 0.6003338098526001,
                "test_macro_recall": 0.5774466395378113
            },
            {
                "test_neg_f1": 0.6894348859786987,
                "test_neg_precision": 0.6074979901313782,
                "test_neg_recall": 0.8211544156074524,
                "test_neu_f1": 0.36810892820358276,
                "test_neu_precision": 0.44624876976013184,
                "test_neu_recall": 0.3512636125087738,
                "test_pos_f1": 0.6302309632301331,
                "test_pos_precision": 0.7501488327980042,
                "test_pos_recall": 0.5679683089256287,
                "test_micro_f1": 0.6099944710731506,
                "test_acc": 0.6099944710731506,
                "test_macro_f1": 0.5625917911529541,
                "test_macro_precision": 0.6012986898422241,
                "test_macro_recall": 0.5801290273666382
            },
            {
                "test_neg_f1": 0.6915210485458374,
                "test_neg_precision": 0.6122194528579712,
                "test_neg_recall": 0.8175536394119263,
                "test_neu_f1": 0.36986351013183594,
                "test_neu_precision": 0.44806239008903503,
                "test_neu_recall": 0.34990447759628296,
                "test_pos_f1": 0.6324904561042786,
                "test_pos_precision": 0.7415922284126282,
                "test_pos_recall": 0.576874315738678,
                "test_micro_f1": 0.6128854751586914,
                "test_acc": 0.6128854751586914,
                "test_macro_f1": 0.5646247863769531,
                "test_macro_precision": 0.6006245017051697,
                "test_macro_recall": 0.5814443826675415
            },
            {
                "test_neg_f1": 0.6909069418907166,
                "test_neg_precision": 0.6126623153686523,
                "test_neg_recall": 0.8148210644721985,
                "test_neu_f1": 0.38463419675827026,
                "test_neu_precision": 0.44427499175071716,
                "test_neu_recall": 0.38165169954299927,
                "test_pos_f1": 0.6196904182434082,
                "test_pos_precision": 0.7580586075782776,
                "test_pos_recall": 0.5483566522598267,
                "test_micro_f1": 0.6098568439483643,
                "test_acc": 0.6098568439483643,
                "test_macro_f1": 0.565077006816864,
                "test_macro_precision": 0.6049987077713013,
                "test_macro_recall": 0.5816099047660828
            },
            {
                "test_neg_f1": 0.6884247660636902,
                "test_neg_precision": 0.5972409248352051,
                "test_neg_recall": 0.8371708989143372,
                "test_neu_f1": 0.36197417974472046,
                "test_neu_precision": 0.4491054117679596,
                "test_neu_recall": 0.3461165428161621,
                "test_pos_f1": 0.6189091205596924,
                "test_pos_precision": 0.768184244632721,
                "test_pos_recall": 0.5414777994155884,
                "test_micro_f1": 0.6058645248413086,
                "test_acc": 0.6058645248413086,
                "test_macro_f1": 0.5564360022544861,
                "test_macro_precision": 0.6048436760902405,
                "test_macro_recall": 0.5749218463897705
            },
            {
                "test_neg_f1": 0.6915920972824097,
                "test_neg_precision": 0.6222985982894897,
                "test_neg_recall": 0.8011374473571777,
                "test_neu_f1": 0.3740006387233734,
                "test_neu_precision": 0.451145201921463,
                "test_neu_recall": 0.3521038293838501,
                "test_pos_f1": 0.6446722745895386,
                "test_pos_precision": 0.7272810339927673,
                "test_pos_recall": 0.6032360792160034,
                "test_micro_f1": 0.6161894202232361,