{
    "model": "rnn",
    "lang": "es",
    "train_args": {
        "epochs": 5,
        "batch_size": 32,
        "eval_batch_size": 16,
        "warmup_ratio": 0.1,
        "limit": null,
        "embeddings_path": "embeddings/cc.es.300.bin"
    },
    "evaluations": {
        "sentiment": [
            {
                "test_neg_f1": 0.6942275166511536,
                "test_neg_precision": 0.5946234464645386,
                "test_neg_recall": 0.8607749342918396,
                "test_neu_f1": 0.30738192796707153,
                "test_neu_precision": 0.44077861309051514,
                "test_neu_recall": 0.2590799629688263,
                "test_pos_f1": 0.6382372379302979,
                "test_pos_precision": 0.729478120803833,
                "test_pos_recall": 0.5912795662879944,
                "test_micro_f1": 0.6105451583862305,
                "test_acc": 0.6105451583862305,
                "test_macro_f1": 0.5466152429580688,
                "test_macro_precision": 0.5882934927940369,
                "test_macro_recall": 0.570378303527832
            },
            {
                "test_neg_f1": 0.6893453598022461,
                "test_neg_precision": 0.5820213556289673,
                "test_neg_recall": 0.8740132451057434,
                "test_neu_f1": 0.2842864394187927,
                "test_neu_precision": 0.42953816056251526,
                "test_neu_recall": 0.23305605351924896,
                "test_pos_f1": 0.628980278968811,
                "test_pos_precision": 0.7356030344963074,
                "test_pos_recall": 0.5727950930595398,
                "test_micro_f1": 0.6025605797767639,
                "test_acc": 0.6025605797767639,
                "test_macro_f1": 0.5342037677764893,
                "test_macro_precision": 0.5823876261711121,
                "test_macro_recall": 0.5599549412727356
            },
            {
                "test_neg_f1": 0.6895318627357483,
                "test_neg_precision": 0.5824130773544312,
                "test_neg_recall": 0.8735401034355164,
                "test_neu_f1": 0.2790292799472809,
                "test_neu_precision": 0.4182138442993164,
                "test_neu_recall": 0.22888675332069397,
                "test_pos_f1": 0.6290479302406311,
                "test_pos_precision": 0.7325474619865417,
                "test_pos_recall": 0.5750944018363953,
                "test_micro_f1": 0.6029735803604126,
                "test_acc": 0.6029735803604126,
                "test_macro_f1": 0.5325360298156738,
                "test_macro_precision": 0.5777249336242676,
                "test_macro_recall": 0.5591738820075989
            },
            {
                "test_neg_f1": 0.6917412877082825,
                "test_neg_precision": 0.5896914601325989,
                "test_neg_recall": 0.8640064597129822,
                "test_neu_f1": 0.29265737533569336,
                "test_neu_precision": 0.43818095326423645,
                "test_neu_recall": 0.240848109126091,
                "test_pos_f1": 0.6335426568984985,
                "test_pos_precision": 0.7243974804878235,
                "test_pos_recall": 0.5876653790473938,
                "test_micro_f1": 0.6068282127380371,
                "test_acc": 0.6068282127380371,
                "test_macro_f1": 0.5393136739730835,
                "test_macro_precision": 0.5840900540351868,
                "test_macro_recall": 0.5641735196113586
            },
            {
                "test_neg_f1": 0.6899041533470154,
                "test_neg_precision": 0.5844904780387878,
                "test_neg_recall": 0.8696010112762451,
                "test_neu_f1": 0.29328808188438416,
                "test_neu_precision": 0.4362107813358307,
                "test_neu_recall": 0.24276047945022583,
                "test_pos_f1": 0.6280158758163452,
                "test_pos_precision": 0.7364307045936584,
                "test_pos_recall": 0.5720353126525879,
                "test_micro_f1": 0.6042125821113586,
                "test_acc": 0.6042125821113586,
                "test_macro_f1": 0.5370692014694214,
                "test_macro_precision": 0.5857111811637878,
                "test_macro_recall": 0.5614655613899231
            },
            {
                "test_neg_f1": 0.6897447109222412,
                "test_neg_precision": 0.5856740474700928,
                "test_neg_recall": 0.8671887516975403,
                "test_neu_f1": 0.28430795669555664,
                "test_neu_precision": 0.42998749017715454,
                "test_neu_recall": 0.23276251554489136,
                "test_pos_f1": 0.6321946978569031,
                "test_pos_precision": 0.7272104024887085,
                "test_pos_recall": 0.5846990942955017,
                "test_micro_f1": 0.6042125821113586,
                "test_acc": 0.6042125821113586,
                "test_macro_f1": 0.5354157090187073,
                "test_macro_precision": 0.5809574723243713,
                "test_macro_recall": 0.5615501403808594
            },
            {
                "test_neg_f1": 0.6888518929481506,
                "test_neg_precision": 0.5834359526634216,
                "test_neg_recall": 0.8696383237838745,
                "test_neu_f1": 0.2821066975593567,
                "test_neu_precision": 0.4305908977985382,
                "test_neu_recall": 0.22963383793830872,
                "test_pos_f1": 0.6316300630569458,
                "test_pos_precision": 0.7298704385757446,
                "test_pos_recall": 0.5810168981552124,
                "test_micro_f1": 0.6035242080688477,
                "test_acc": 0.6035242080688477,
                "test_macro_f1": 0.5341960191726685,
                "test_macro_precision": 0.5812991261482239,
                "test_macro_recall": 0.5600964426994324
            },
            {
                "test_neg_f1": 0.6913805603981018,
                "test_neg_precision": 0.5849230885505676,
                "test_neg_recall": 0.8741375803947449,
                "test_neu_f1": 0.2789684236049652,
                "test_neu_precision": 0.4276222884654999,
                "test_neu_recall": 0.22717715799808502,
                "test_pos_f1": 0.6299061179161072,
                "test_pos_precision": 0.7299838066101074,
                "test_pos_recall": 0.5785353183746338,
                "test_micro_f1": 0.6033865809440613,
                "test_acc": 0.6033865809440613,
                "test_macro_f1": 0.5334181189537048,
                "test_macro_precision": 0.5808429718017578,
                "test_macro_recall": 0.559950053691864
            },
            {
                "test_neg_f1": 0.6893504858016968,
                "test_neg_precision": 0.5827761888504028,
                "test_neg_recall": 0.8725171089172363,
                "test_neu_f1": 0.28172188997268677,
                "test_neu_precision": 0.4215211570262909,
                "test_neu_recall": 0.23223912715911865,
                "test_pos_f1": 0.6327987909317017,
                "test_pos_precision": 0.7410370707511902,
                "test_pos_recall": 0.5764521360397339,
                "test_micro_f1": 0.6035242080688477,
                "test_acc": 0.6035242080688477,
                "test_macro_f1": 0.5346236228942871,
                "test_macro_precision": 0.5817782878875732,
                "test_macro_recall": 0.5604028701782227
            },
            {
                "test_neg_f1": 0.6900102496147156,
                "test_neg_precision": 0.5865052938461304,
                "test_neg_recall": 0.8663845658302307,
                "test_neu_f1": 0.2898049056529999,
                "test_neu_precision": 0.4136062264442444,
                "test_neu_recall": 0.24583888053894043,
                "test_pos_f1": 0.6274071335792542,
                "test_pos_precision": 0.7331117391586304,
                "test_pos_recall": 0.5715784430503845,
                "test_micro_f1": 0.603111207485199,