{
    "model": "bert-base-uncased",
    "lang": "en",
    "train_args": {
        "epochs": 5,
        "batch_size": 32,
        "eval_batch_size": 16,
        "warmup_ratio": 0.1,
        "limit": null,
        "task_b": true,
        "metric_for_best_model": "emr",
        "combinatorial": true
    },
    "evaluations": {
        "hate_speech": [
            {
                "eval_loss": 2.5803234577178955,
                "eval_hs_f1": 0.6503267973856209,
                "eval_hs_precision": 0.49502487562189057,
                "eval_hs_recall": 0.9476190476190476,
                "eval_tr_f1": 0.6120996441281139,
                "eval_tr_precision": 0.4908675799086758,
                "eval_tr_recall": 0.8128544423440454,
                "eval_ag_f1": 0.45000000000000007,
                "eval_ag_precision": 0.32892690513219286,
                "eval_ag_recall": 0.7121212121212122,
                "eval_macro_hs_f1_score": 0.5493902028165218,
                "eval_emr_no_gating": 0.4106666666666667,
                "eval_emr": 0.4106666666666667,
                "eval_macro_f1": 0.5708088278770447,
                "eval_macro_precision": 0.4382731020450592,
                "eval_macro_recall": 0.8241982460021973,
                "eval_runtime": 6.124,
                "eval_samples_per_second": 489.874,
                "eval_steps_per_second": 30.699,
                "epoch": 5.0
            },
            {
                "eval_loss": 1.9463996887207031,
                "eval_hs_f1": 0.656172328086164,
                "eval_hs_precision": 0.5031766200762389,
                "eval_hs_recall": 0.9428571428571428,
                "eval_tr_f1": 0.6075581395348838,
                "eval_tr_precision": 0.4935064935064935,
                "eval_tr_recall": 0.7901701323251418,
                "eval_ag_f1": 0.43785310734463273,
                "eval_ag_precision": 0.30392156862745096,
                "eval_ag_recall": 0.7828282828282829,
                "eval_macro_hs_f1_score": 0.5664215990998285,
                "eval_emr_no_gating": 0.426,
                "eval_emr": 0.426,
                "eval_macro_f1": 0.5671945214271545,
                "eval_macro_precision": 0.4335348904132843,
                "eval_macro_recall": 0.8386185169219971,
                "eval_runtime": 6.092,
                "eval_samples_per_second": 492.45,
                "eval_steps_per_second": 30.86,
                "epoch": 5.0
            },
            {
                "eval_loss": 2.041306257247925,
                "eval_hs_f1": 0.6466003762429454,
                "eval_hs_precision": 0.4888256806176351,
                "eval_hs_recall": 0.9547619047619048,
                "eval_tr_f1": 0.5831752055660975,
                "eval_tr_precision": 0.438212927756654,
                "eval_tr_recall": 0.8714555765595463,
                "eval_ag_f1": 0.445054945054945,
                "eval_ag_precision": 0.30566037735849055,
                "eval_ag_recall": 0.8181818181818182,
                "eval_macro_hs_f1_score": 0.5347964584154613,
                "eval_emr_no_gating": 0.4023333333333333,
                "eval_emr": 0.4023333333333333,
                "eval_macro_f1": 0.5582768321037292,
                "eval_macro_precision": 0.41089963912963867,
                "eval_macro_recall": 0.8814663887023926,
                "eval_runtime": 6.1398,
                "eval_samples_per_second": 488.616,
                "eval_steps_per_second": 30.62,
                "epoch": 5.0
            },
            {
                "eval_loss": 2.198939800262451,
                "eval_hs_f1": 0.633281168492436,
                "eval_hs_precision": 0.4716394716394716,
                "eval_hs_recall": 0.9634920634920635,
                "eval_tr_f1": 0.5765998707175177,
                "eval_tr_precision": 0.4381139489194499,
                "eval_tr_recall": 0.8431001890359168,
                "eval_ag_f1": 0.4375,
                "eval_ag_precision": 0.2992565055762082,
                "eval_ag_recall": 0.8131313131313131,
                "eval_macro_hs_f1_score": 0.49207918073744605,
                "eval_emr_no_gating": 0.36966666666666664,
                "eval_emr": 0.36966666666666664,
                "eval_macro_f1": 0.5491270422935486,
                "eval_macro_precision": 0.4030033051967621,
                "eval_macro_recall": 0.8732411861419678,
                "eval_runtime": 6.1315,
                "eval_samples_per_second": 489.279,
                "eval_steps_per_second": 30.662,
                "epoch": 5.0
            },
            {
                "eval_loss": 2.0359721183776855,
                "eval_hs_f1": 0.6462603140803833,
                "eval_hs_precision": 0.48618342010412496,
                "eval_hs_recall": 0.9634920634920635,
                "eval_tr_f1": 0.6148782093482554,
                "eval_tr_precision": 0.4717171717171717,
                "eval_tr_recall": 0.8827977315689981,
                "eval_ag_f1": 0.43277501131733814,
                "eval_ag_precision": 0.2959752321981424,
                "eval_ag_recall": 0.8047138047138047,
                "eval_macro_hs_f1_score": 0.52687514143609,
                "eval_emr_no_gating": 0.397,
                "eval_emr": 0.397,
                "eval_macro_f1": 0.5646378397941589,
                "eval_macro_precision": 0.4179586172103882,
                "eval_macro_recall": 0.8836678862571716,
                "eval_runtime": 6.1293,
                "eval_samples_per_second": 489.453,
                "eval_steps_per_second": 30.672,
                "epoch": 5.0
            },
            {
                "eval_loss": 2.0433712005615234,
                "eval_hs_f1": 0.6427231305280086,
                "eval_hs_precision": 0.48522865236746254,
                "eval_hs_recall": 0.9515873015873015,
                "eval_tr_f1": 0.5828877005347592,
                "eval_tr_precision": 0.45087900723888313,
                "eval_tr_recall": 0.8241965973534972,
                "eval_ag_f1": 0.42604116802297753,
                "eval_ag_precision": 0.2976588628762542,
                "eval_ag_recall": 0.7491582491582491,
                "eval_macro_hs_f1_score": 0.5276198288162299,
                "eval_emr_no_gating": 0.3943333333333333,
                "eval_emr": 0.3943333333333333,
                "eval_macro_f1": 0.550550639629364,
                "eval_macro_precision": 0.41125550866127014,
                "eval_macro_recall": 0.8416473865509033,
                "eval_runtime": 6.1461,
                "eval_samples_per_second": 488.117,
                "eval_steps_per_second": 30.589,
                "epoch": 5.0
            },
            {
                "eval_loss": 2.2473769187927246,
                "eval_hs_f1": 0.6475819899944413,
                "eval_hs_precision": 0.4982891360136869,
                "eval_hs_recall": 0.9246031746031746,
                "eval_tr_f1": 0.6090116279069767,
                "eval_tr_precision": 0.4946871310507674,
                "eval_tr_recall": 0.7920604914933838,
                "eval_ag_f1": 0.4578713968957871,
                "eval_ag_precision": 0.3413223140495868,
                "eval_ag_recall": 0.6952861952861953,
                "eval_macro_hs_f1_score": 0.5598442839231157,
                "eval_emr_no_gating": 0.42233333333333334,
                "eval_emr": 0.42233333333333334,
                "eval_macro_f1": 0.5714883804321289,
                "eval_macro_precision": 0.44476619362831116,
                "eval_macro_recall": 0.8039832711219788,
                "eval_runtime": 6.1282,
                "eval_samples_per_second": 489.543,
                "eval_steps_per_second": 30.678,
                "epoch": 5.0
            },
            {
                "eval_loss": 2.4546728134155273,
                "eval_hs_f1": 0.6440042826552462,
                "eval_hs_precision": 0.4858642972536349,
                "eval_hs_recall": 0.9547619047619048,