{
    "model": "vinai/bertweet-base",
    "lang": "en",
    "train_args": {
        "epochs": 5,
        "batch_size": 32,
        "eval_batch_size": 16,
        "warmup_ratio": 0.1,
        "limit": null,
        "task_b": true,
        "metric_for_best_model": "emr",
        "hierarchical": true,
        "gamma": 0.2
    },
    "evaluations": {
        "hate_speech": [
            {
                "eval_loss": 27.635465621948242,
                "eval_hs_f1": 0.6668544072092368,
                "eval_hs_precision": 0.516804888694893,
                "eval_hs_recall": 0.9396825396825397,
                "eval_tr_f1": 0.6266358737490377,
                "eval_tr_precision": 0.5285714285714286,
                "eval_tr_recall": 0.7693761814744802,
                "eval_ag_f1": 0.4356333676622039,
                "eval_ag_precision": 0.3137982195845697,
                "eval_ag_recall": 0.7121212121212122,
                "eval_macro_hs_f1_score": 0.5919000496642346,
                "eval_emr_no_gating": 0.4216666666666667,
                "eval_emr": 0.4503333333333333,
                "eval_macro_f1": 0.5763745307922363,
                "eval_macro_precision": 0.4530581533908844,
                "eval_macro_recall": 0.8070600032806396,
                "eval_runtime": 6.051,
                "eval_samples_per_second": 495.782,
                "eval_steps_per_second": 31.069,
                "epoch": 5.0
            },
            {
                "eval_loss": 28.485206604003906,
                "eval_hs_f1": 0.6685159500693482,
                "eval_hs_precision": 0.5138592750533049,
                "eval_hs_recall": 0.9563492063492064,
                "eval_tr_f1": 0.6325581395348837,
                "eval_tr_precision": 0.5361366622864652,
                "eval_tr_recall": 0.7712665406427222,
                "eval_ag_f1": 0.4483602545276554,
                "eval_ag_precision": 0.31608005521049,
                "eval_ag_recall": 0.7710437710437711,
                "eval_macro_hs_f1_score": 0.5847798957027326,
                "eval_emr_no_gating": 0.42766666666666664,
                "eval_emr": 0.447,
                "eval_macro_f1": 0.5831447243690491,
                "eval_macro_precision": 0.4553586542606354,
                "eval_macro_recall": 0.8328865170478821,
                "eval_runtime": 6.0457,
                "eval_samples_per_second": 496.217,
                "eval_steps_per_second": 31.096,
                "epoch": 5.0
            },
            {
                "eval_loss": 32.39480972290039,
                "eval_hs_f1": 0.6611111111111111,
                "eval_hs_precision": 0.5085470085470085,
                "eval_hs_recall": 0.9444444444444444,
                "eval_tr_f1": 0.6208333333333332,
                "eval_tr_precision": 0.49066959385290887,
                "eval_tr_recall": 0.8449905482041588,
                "eval_ag_f1": 0.4623983739837398,
                "eval_ag_precision": 0.3311499272197962,
                "eval_ag_recall": 0.765993265993266,
                "eval_macro_hs_f1_score": 0.5763888888888888,
                "eval_emr_no_gating": 0.41733333333333333,
                "eval_emr": 0.43866666666666665,
                "eval_macro_f1": 0.5814476609230042,
                "eval_macro_precision": 0.4434555470943451,
                "eval_macro_recall": 0.8518093228340149,
                "eval_runtime": 6.0377,
                "eval_samples_per_second": 496.877,
                "eval_steps_per_second": 31.138,
                "epoch": 5.0
            },
            {
                "eval_loss": 27.114526748657227,
                "eval_hs_f1": 0.6246447946267114,
                "eval_hs_precision": 0.46304098046725395,
                "eval_hs_recall": 0.9595238095238096,
                "eval_tr_f1": 0.567234292425132,
                "eval_tr_precision": 0.41141396933560476,
                "eval_tr_recall": 0.9130434782608695,
                "eval_ag_f1": 0.4452442159383034,
                "eval_ag_precision": 0.32050333086602517,
                "eval_ag_recall": 0.7289562289562289,
                "eval_macro_hs_f1_score": 0.4710823785251922,
                "eval_emr_no_gating": 0.3446666666666667,
                "eval_emr": 0.36733333333333335,
                "eval_macro_f1": 0.5457077622413635,
                "eval_macro_precision": 0.39831945300102234,
                "eval_macro_recall": 0.8671744465827942,
                "eval_runtime": 6.0353,
                "eval_samples_per_second": 497.073,
                "eval_steps_per_second": 31.15,
                "epoch": 5.0
            },
            {
                "eval_loss": 33.62484359741211,
                "eval_hs_f1": 0.6567083107007061,
                "eval_hs_precision": 0.4991742361684558,
                "eval_hs_recall": 0.9595238095238096,
                "eval_tr_f1": 0.6100278551532033,
                "eval_tr_precision": 0.4829106945975744,
                "eval_tr_recall": 0.8279773156899811,
                "eval_ag_f1": 0.4567474048442906,
                "eval_ag_precision": 0.32330300909727083,
                "eval_ag_recall": 0.7777777777777778,
                "eval_macro_hs_f1_score": 0.5557053201475921,
                "eval_emr_no_gating": 0.4063333333333333,
                "eval_emr": 0.4196666666666667,
                "eval_macro_f1": 0.5744945406913757,
                "eval_macro_precision": 0.435129314661026,
                "eval_macro_recall": 0.8550930023193359,
                "eval_runtime": 6.0297,
                "eval_samples_per_second": 497.538,
                "eval_steps_per_second": 31.179,
                "epoch": 5.0
            },
            {
                "eval_loss": 34.577728271484375,
                "eval_hs_f1": 0.6592451805593267,
                "eval_hs_precision": 0.5010317787866282,
                "eval_hs_recall": 0.9634920634920635,
                "eval_tr_f1": 0.6159317211948792,
                "eval_tr_precision": 0.49372862029646525,
                "eval_tr_recall": 0.8185255198487713,
                "eval_ag_f1": 0.4552169898430286,
                "eval_ag_precision": 0.31361323155216286,
                "eval_ag_recall": 0.82996632996633,
                "eval_macro_hs_f1_score": 0.5587982484583427,
                "eval_emr_no_gating": 0.408,
                "eval_emr": 0.421,
                "eval_macro_f1": 0.5767980217933655,
                "eval_macro_precision": 0.4361245632171631,
                "eval_macro_recall": 0.8706612586975098,
                "eval_runtime": 6.0347,
                "eval_samples_per_second": 497.122,
                "eval_steps_per_second": 31.153,
                "epoch": 5.0
            },
            {
                "eval_loss": 34.522029876708984,
                "eval_hs_f1": 0.6525054466230937,
                "eval_hs_precision": 0.4966832504145937,
                "eval_hs_recall": 0.9507936507936507,
                "eval_tr_f1": 0.6096551724137931,
                "eval_tr_precision": 0.4799131378935939,
                "eval_tr_recall": 0.8355387523629489,
                "eval_ag_f1": 0.4496124031007751,
                "eval_ag_precision": 0.31564625850340133,
                "eval_ag_recall": 0.7811447811447811,
                "eval_macro_hs_f1_score": 0.5521977404936774,
                "eval_emr_no_gating": 0.39866666666666667,
                "eval_emr": 0.4176666666666667,
                "eval_macro_f1": 0.5705910325050354,
                "eval_macro_precision": 0.43074753880500793,
                "eval_macro_recall": 0.8558257222175598,
                "eval_runtime": 6.0543,
                "eval_samples_per_second": 495.514,
                "eval_steps_per_second": 31.052,
                "epoch": 5.0
            },
            {
                "eval_loss": 26.654176712036133,
                "eval_hs_f1": 0.6318780676827693,
                "eval_hs_precision": 0.4684029107621601,