{
    "model": "bert-base-uncased",
    "lang": "en",
    "train_args": {
        "epochs": 5,
        "batch_size": 32,
        "eval_batch_size": 16,
        "warmup_ratio": 0.1,
        "limit": null,
        "task_b": true,
        "metric_for_best_model": "emr"
    },
    "evaluations": {
        "hate_speech": [
            {
                "eval_loss": 0.6472713351249695,
                "eval_hs_f1": 0.6345013477088949,
                "eval_hs_precision": 0.4804081632653061,
                "eval_hs_recall": 0.9341269841269841,
                "eval_tr_f1": 0.604221635883905,
                "eval_tr_precision": 0.46403242147923,
                "eval_tr_recall": 0.8657844990548205,
                "eval_ag_f1": 0.45473393227366965,
                "eval_ag_precision": 0.38569753810082064,
                "eval_ag_recall": 0.5538720538720538,
                "eval_macro_hs_f1_score": 0.5211808048588142,
                "eval_emr_no_gating": 0.38866666666666666,
                "eval_emr": 0.38966666666666666,
                "eval_macro_f1": 0.5644856691360474,
                "eval_macro_precision": 0.44337940216064453,
                "eval_macro_recall": 0.7845945358276367,
                "eval_runtime": 6.4723,
                "eval_samples_per_second": 463.515,
                "eval_steps_per_second": 29.047,
                "epoch": 5.0
            },
            {
                "eval_loss": 1.0090100765228271,
                "eval_hs_f1": 0.6435564964276264,
                "eval_hs_precision": 0.4827312425565701,
                "eval_hs_recall": 0.9650793650793651,
                "eval_tr_f1": 0.6052269601100413,
                "eval_tr_precision": 0.4756756756756757,
                "eval_tr_recall": 0.831758034026465,
                "eval_ag_f1": 0.4533611255862428,
                "eval_ag_precision": 0.3283018867924528,
                "eval_ag_recall": 0.7323232323232324,
                "eval_macro_hs_f1_score": 0.5185364652331739,
                "eval_emr_no_gating": 0.38666666666666666,
                "eval_emr": 0.387,
                "eval_macro_f1": 0.5673815011978149,
                "eval_macro_precision": 0.4289029538631439,
                "eval_macro_recall": 0.8430535197257996,
                "eval_runtime": 6.4201,
                "eval_samples_per_second": 467.285,
                "eval_steps_per_second": 29.283,
                "epoch": 5.0
            },
            {
                "eval_loss": 0.6312808990478516,
                "eval_hs_f1": 0.6339187705817783,
                "eval_hs_precision": 0.48447986577181207,
                "eval_hs_recall": 0.9166666666666666,
                "eval_tr_f1": 0.5971685971685972,
                "eval_tr_precision": 0.4526829268292683,
                "eval_tr_recall": 0.8771266540642723,
                "eval_ag_f1": 0.37546746447270013,
                "eval_ag_precision": 0.33781965006729475,
                "eval_ag_recall": 0.4225589225589226,
                "eval_macro_hs_f1_score": 0.5338524243401251,
                "eval_emr_no_gating": 0.388,
                "eval_emr": 0.3913333333333333,
                "eval_macro_f1": 0.5355183482170105,
                "eval_macro_precision": 0.4249941408634186,
                "eval_macro_recall": 0.7387840747833252,
                "eval_runtime": 6.4731,
                "eval_samples_per_second": 463.453,
                "eval_steps_per_second": 29.043,
                "epoch": 5.0
            },
            {
                "eval_loss": 0.9354775547981262,
                "eval_hs_f1": 0.6357161698760222,
                "eval_hs_precision": 0.4760964045831687,
                "eval_hs_recall": 0.9563492063492064,
                "eval_tr_f1": 0.6025280898876404,
                "eval_tr_precision": 0.4793296089385475,
                "eval_tr_recall": 0.8109640831758034,
                "eval_ag_f1": 0.44909609895337776,
                "eval_ag_precision": 0.3129973474801061,
                "eval_ag_recall": 0.7946127946127947,
                "eval_macro_hs_f1_score": 0.5052732049017956,
                "eval_emr_no_gating": 0.37433333333333335,
                "eval_emr": 0.37533333333333335,
                "eval_macro_f1": 0.5624467730522156,
                "eval_macro_precision": 0.4228077828884125,
                "eval_macro_recall": 0.8539752960205078,
                "eval_runtime": 6.4143,
                "eval_samples_per_second": 467.704,
                "eval_steps_per_second": 29.309,
                "epoch": 5.0
            },
            {
                "eval_loss": 1.1835929155349731,
                "eval_hs_f1": 0.6402102496714849,
                "eval_hs_precision": 0.47858546168958743,
                "eval_hs_recall": 0.9666666666666667,
                "eval_tr_f1": 0.5948785292186474,
                "eval_tr_precision": 0.4557344064386318,
                "eval_tr_recall": 0.8563327032136105,
                "eval_ag_f1": 0.4490666666666666,
                "eval_ag_precision": 0.3286494925839188,
                "eval_ag_recall": 0.7087542087542088,
                "eval_macro_hs_f1_score": 0.5082600223300476,
                "eval_emr_no_gating": 0.377,
                "eval_emr": 0.377,
                "eval_macro_f1": 0.5613851547241211,
                "eval_macro_precision": 0.4209897816181183,
                "eval_macro_recall": 0.8439178466796875,
                "eval_runtime": 6.5988,
                "eval_samples_per_second": 454.626,
                "eval_steps_per_second": 28.49,
                "epoch": 5.0
            },
            {
                "eval_loss": 0.8906407952308655,
                "eval_hs_f1": 0.6386333771353482,
                "eval_hs_precision": 0.4774066797642436,
                "eval_hs_recall": 0.9642857142857143,
                "eval_tr_f1": 0.6048109965635738,
                "eval_tr_precision": 0.47516198704103674,
                "eval_tr_recall": 0.831758034026465,
                "eval_ag_f1": 0.4490762671719565,
                "eval_ag_precision": 0.31245880026367834,
                "eval_ag_recall": 0.797979797979798,
                "eval_macro_hs_f1_score": 0.5061048434651684,
                "eval_emr_no_gating": 0.373,
                "eval_emr": 0.374,
                "eval_macro_f1": 0.5641735792160034,
                "eval_macro_precision": 0.42167583107948303,
                "eval_macro_recall": 0.8646745085716248,
                "eval_runtime": 6.433,
                "eval_samples_per_second": 466.343,
                "eval_steps_per_second": 29.224,
                "epoch": 5.0
            },
            {
                "eval_loss": 1.1260470151901245,
                "eval_hs_f1": 0.6394091268794514,
                "eval_hs_precision": 0.4788621098380087,
                "eval_hs_recall": 0.9619047619047619,
                "eval_tr_f1": 0.6053534660260811,
                "eval_tr_precision": 0.47521551724137934,
                "eval_tr_recall": 0.833648393194707,
                "eval_ag_f1": 0.4462629569012547,
                "eval_ag_precision": 0.3301049233252623,
                "eval_ag_recall": 0.6885521885521886,
                "eval_macro_hs_f1_score": 0.5102885380888882,
                "eval_emr_no_gating": 0.37566666666666665,
                "eval_emr": 0.37633333333333335,
                "eval_macro_f1": 0.5636752247810364,
                "eval_macro_precision": 0.4280608594417572,
                "eval_macro_recall": 0.8280351161956787,
                "eval_runtime": 6.611,
                "eval_samples_per_second": 453.787,
                "eval_steps_per_second": 28.437,
                "epoch": 5.0
            },
            {
                "eval_loss": 1.1150909662246704,
                "eval_hs_f1": 0.6353432524145131,
                "eval_hs_precision": 0.4733566705562038,
                "eval_hs_recall": 0.9658730158730159,