{
    "model": "vinai/bertweet-base",
    "lang": "en",
    "train_args": {
        "epochs": 5,
        "batch_size": 32,
        "eval_batch_size": 16,
        "warmup_ratio": 0.1,
        "limit": null,
        "task_b": true,
        "metric_for_best_model": "emr",
        "combinatorial": true
    },
    "evaluations": {
        "hate_speech": [
            {
                "eval_loss": 1.943564772605896,
                "eval_hs_f1": 0.6659084446971851,
                "eval_hs_precision": 0.5188303057155517,
                "eval_hs_recall": 0.9293650793650794,
                "eval_tr_f1": 0.6489028213166144,
                "eval_tr_precision": 0.5542168674698795,
                "eval_tr_recall": 0.782608695652174,
                "eval_ag_f1": 0.4481132075471698,
                "eval_ag_precision": 0.3112712975098296,
                "eval_ag_recall": 0.7996632996632996,
                "eval_macro_hs_f1_score": 0.5963452815511701,
                "eval_emr_no_gating": 0.453,
                "eval_emr": 0.453,
                "eval_macro_f1": 0.5876414775848389,
                "eval_macro_precision": 0.46143949031829834,
                "eval_macro_recall": 0.8372123837471008,
                "eval_runtime": 5.9942,
                "eval_samples_per_second": 500.484,
                "eval_steps_per_second": 31.364,
                "epoch": 5.0
            },
            {
                "eval_loss": 1.6232855319976807,
                "eval_hs_f1": 0.6681639528354858,
                "eval_hs_precision": 0.5169417897480452,
                "eval_hs_recall": 0.9444444444444444,
                "eval_tr_f1": 0.6568867155664221,
                "eval_tr_precision": 0.5773638968481375,
                "eval_tr_recall": 0.7618147448015122,
                "eval_ag_f1": 0.4410058027079303,
                "eval_ag_precision": 0.3093622795115332,
                "eval_ag_recall": 0.7676767676767676,
                "eval_macro_hs_f1_score": 0.5916701634562991,
                "eval_emr_no_gating": 0.4553333333333333,
                "eval_emr": 0.4553333333333333,
                "eval_macro_f1": 0.5886854529380798,
                "eval_macro_precision": 0.46788933873176575,
                "eval_macro_recall": 0.8246453404426575,
                "eval_runtime": 6.0,
                "eval_samples_per_second": 500.003,
                "eval_steps_per_second": 31.334,
                "epoch": 5.0
            },
            {
                "eval_loss": 1.7053054571151733,
                "eval_hs_f1": 0.6674138414121602,
                "eval_hs_precision": 0.5158077089649199,
                "eval_hs_recall": 0.9452380952380952,
                "eval_tr_f1": 0.6349717969379531,
                "eval_tr_precision": 0.5533707865168539,
                "eval_tr_recall": 0.7448015122873346,
                "eval_ag_f1": 0.43920829406220546,
                "eval_ag_precision": 0.30497382198952877,
                "eval_ag_recall": 0.7845117845117845,
                "eval_macro_hs_f1_score": 0.5895687059796301,
                "eval_emr_no_gating": 0.44666666666666666,
                "eval_emr": 0.44666666666666666,
                "eval_macro_f1": 0.5805312991142273,
                "eval_macro_precision": 0.45805075764656067,
                "eval_macro_recall": 0.8248504996299744,
                "eval_runtime": 5.9874,
                "eval_samples_per_second": 501.051,
                "eval_steps_per_second": 31.399,
                "epoch": 5.0
            },
            {
                "eval_loss": 2.115115165710449,
                "eval_hs_f1": 0.6661124965364367,
                "eval_hs_precision": 0.5117071094082588,
                "eval_hs_recall": 0.953968253968254,
                "eval_tr_f1": 0.6285714285714286,
                "eval_tr_precision": 0.505166475315729,
                "eval_tr_recall": 0.831758034026465,
                "eval_ag_f1": 0.4616146607231302,
                "eval_ag_precision": 0.3270175438596491,
                "eval_ag_recall": 0.7845117845117845,
                "eval_macro_hs_f1_score": 0.5810696317897575,
                "eval_emr_no_gating": 0.4493333333333333,
                "eval_emr": 0.4493333333333333,
                "eval_macro_f1": 0.5854328274726868,
                "eval_macro_precision": 0.4479637145996094,
                "eval_macro_recall": 0.8567460179328918,
                "eval_runtime": 5.9951,
                "eval_samples_per_second": 500.405,
                "eval_steps_per_second": 31.359,
                "epoch": 5.0
            },
            {
                "eval_loss": 1.589351773262024,
                "eval_hs_f1": 0.6670448099829837,
                "eval_hs_precision": 0.5189761694616064,
                "eval_hs_recall": 0.9333333333333333,
                "eval_tr_f1": 0.6360808709175739,
                "eval_tr_precision": 0.5402906208718626,
                "eval_tr_recall": 0.7731568998109641,
                "eval_ag_f1": 0.44080846968238696,
                "eval_ag_precision": 0.3086253369272237,
                "eval_ag_recall": 0.7710437710437711,
                "eval_macro_hs_f1_score": 0.5962548221297295,
                "eval_emr_no_gating": 0.45966666666666667,
                "eval_emr": 0.45966666666666667,
                "eval_macro_f1": 0.5813114047050476,
                "eval_macro_precision": 0.455964058637619,
                "eval_macro_recall": 0.8258447051048279,
                "eval_runtime": 5.9999,
                "eval_samples_per_second": 500.006,
                "eval_steps_per_second": 31.334,
                "epoch": 5.0
            },
            {
                "eval_loss": 1.7335631847381592,
                "eval_hs_f1": 0.6606260296540363,
                "eval_hs_precision": 0.5050377833753149,
                "eval_hs_recall": 0.9547619047619048,
                "eval_tr_f1": 0.618291761148904,
                "eval_tr_precision": 0.5151133501259446,
                "eval_tr_recall": 0.7731568998109641,
                "eval_ag_f1": 0.4309021113243762,
                "eval_ag_precision": 0.30134228187919465,
                "eval_ag_recall": 0.7558922558922558,
                "eval_macro_hs_f1_score": 0.5682265008321072,
                "eval_emr_no_gating": 0.42833333333333334,
                "eval_emr": 0.42833333333333334,
                "eval_macro_f1": 0.5699399709701538,
                "eval_macro_precision": 0.4404977858066559,
                "eval_macro_recall": 0.8279370665550232,
                "eval_runtime": 6.0125,
                "eval_samples_per_second": 498.962,
                "eval_steps_per_second": 31.268,
                "epoch": 5.0
            },
            {
                "eval_loss": 2.0400807857513428,
                "eval_hs_f1": 0.6649760495914342,
                "eval_hs_precision": 0.5155089558759284,
                "eval_hs_recall": 0.9365079365079365,
                "eval_tr_f1": 0.6397058823529412,
                "eval_tr_precision": 0.5234657039711191,
                "eval_tr_recall": 0.8223062381852552,
                "eval_ag_f1": 0.4383292383292383,
                "eval_ag_precision": 0.30950728660652327,
                "eval_ag_recall": 0.7508417508417509,
                "eval_macro_hs_f1_score": 0.5899339652281936,
                "eval_emr_no_gating": 0.4483333333333333,
                "eval_emr": 0.4483333333333333,
                "eval_macro_f1": 0.581003725528717,
                "eval_macro_precision": 0.44949397444725037,
                "eval_macro_recall": 0.8365519642829895,
                "eval_runtime": 6.0362,
                "eval_samples_per_second": 497.005,
                "eval_steps_per_second": 31.146,
                "epoch": 5.0
            },
            {
                "eval_loss": 1.600733995437622,
                "eval_hs_f1": 0.6788937409024745,
                "eval_hs_precision": 0.5360919540229885,