{
    "model": "bert-base-uncased",
    "lang": "en",
    "train_args": {
        "epochs": 5,
        "batch_size": 32,
        "eval_batch_size": 16,
        "warmup_ratio": 0.1,
        "limit": null,
        "task_b": true,
        "metric_for_best_model": "emr",
        "hierarchical": true,
        "gamma": 0.2
    },
    "evaluations": {
        "hate_speech": [
            {
                "eval_loss": 40.40917205810547,
                "eval_hs_f1": 0.6433566433566433,
                "eval_hs_precision": 0.48657445077298617,
                "eval_hs_recall": 0.9492063492063492,
                "eval_tr_f1": 0.5947441217150761,
                "eval_tr_precision": 0.46892039258451473,
                "eval_tr_recall": 0.8128544423440454,
                "eval_ag_f1": 0.446652719665272,
                "eval_ag_precision": 0.32397572078907433,
                "eval_ag_recall": 0.7188552188552189,
                "eval_macro_hs_f1_score": 0.5311437029228441,
                "eval_emr_no_gating": 0.382,
                "eval_emr": 0.39166666666666666,
                "eval_macro_f1": 0.56158447265625,
                "eval_macro_precision": 0.4264901876449585,
                "eval_macro_recall": 0.8269720077514648,
                "eval_runtime": 6.2095,
                "eval_samples_per_second": 483.131,
                "eval_steps_per_second": 30.276,
                "epoch": 5.0
            },
            {
                "eval_loss": 32.27897262573242,
                "eval_hs_f1": 0.6427998931338499,
                "eval_hs_precision": 0.48449456302859445,
                "eval_hs_recall": 0.9547619047619048,
                "eval_tr_f1": 0.5968297725706408,
                "eval_tr_precision": 0.46963123644251625,
                "eval_tr_recall": 0.8185255198487713,
                "eval_ag_f1": 0.43772893772893773,
                "eval_ag_precision": 0.30062893081761005,
                "eval_ag_recall": 0.8047138047138047,
                "eval_macro_hs_f1_score": 0.5252103143117189,
                "eval_emr_no_gating": 0.361,
                "eval_emr": 0.38666666666666666,
                "eval_macro_f1": 0.5591195225715637,
                "eval_macro_precision": 0.41825154423713684,
                "eval_macro_recall": 0.8593337535858154,
                "eval_runtime": 6.1613,
                "eval_samples_per_second": 486.912,
                "eval_steps_per_second": 30.513,
                "epoch": 5.0
            },
            {
                "eval_loss": 34.57693099975586,
                "eval_hs_f1": 0.6348709929632526,
                "eval_hs_precision": 0.47264260768335276,
                "eval_hs_recall": 0.9666666666666667,
                "eval_tr_f1": 0.5804020100502513,
                "eval_tr_precision": 0.43461900282220134,
                "eval_tr_recall": 0.8733459357277883,
                "eval_ag_f1": 0.44394416929311126,
                "eval_ag_precision": 0.3030116779348494,
                "eval_ag_recall": 0.82996632996633,
                "eval_macro_hs_f1_score": 0.49357974058703546,
                "eval_emr_no_gating": 0.35033333333333333,
                "eval_emr": 0.364,
                "eval_macro_f1": 0.5530723929405212,
                "eval_macro_precision": 0.4034244120121002,
                "eval_macro_recall": 0.8899929523468018,
                "eval_runtime": 6.1913,
                "eval_samples_per_second": 484.554,
                "eval_steps_per_second": 30.365,
                "epoch": 5.0
            },
            {
                "eval_loss": 44.93702697753906,
                "eval_hs_f1": 0.6397905759162303,
                "eval_hs_precision": 0.47734375,
                "eval_hs_recall": 0.9698412698412698,
                "eval_tr_f1": 0.5789473684210527,
                "eval_tr_precision": 0.4382896015549077,
                "eval_tr_recall": 0.8525519848771267,
                "eval_ag_f1": 0.45960125918153205,
                "eval_ag_precision": 0.33384146341463417,
                "eval_ag_recall": 0.7373737373737373,
                "eval_macro_hs_f1_score": 0.5042989576828858,
                "eval_emr_no_gating": 0.36866666666666664,
                "eval_emr": 0.37633333333333335,
                "eval_macro_f1": 0.559446394443512,
                "eval_macro_precision": 0.4164915978908539,
                "eval_macro_recall": 0.853255569934845,
                "eval_runtime": 6.1937,
                "eval_samples_per_second": 484.364,
                "eval_steps_per_second": 30.353,
                "epoch": 5.0
            },
            {
                "eval_loss": 23.908573150634766,
                "eval_hs_f1": 0.6264248704663213,
                "eval_hs_precision": 0.465,
                "eval_hs_recall": 0.9595238095238096,
                "eval_tr_f1": 0.5637426900584795,
                "eval_tr_precision": 0.40812870448772226,
                "eval_tr_recall": 0.9111531190926276,
                "eval_ag_f1": 0.435820895522388,
                "eval_ag_precision": 0.3914209115281501,
                "eval_ag_recall": 0.49158249158249157,
                "eval_macro_hs_f1_score": 0.4762965473826934,
                "eval_emr_no_gating": 0.33166666666666667,
                "eval_emr": 0.3546666666666667,
                "eval_macro_f1": 0.5419961810112,
                "eval_macro_precision": 0.4215165376663208,
                "eval_macro_recall": 0.7874197959899902,
                "eval_runtime": 6.1946,
                "eval_samples_per_second": 484.294,
                "eval_steps_per_second": 30.349,
                "epoch": 5.0
            },
            {
                "eval_loss": 42.53071975708008,
                "eval_hs_f1": 0.64719936288824,
                "eval_hs_precision": 0.48623853211009177,
                "eval_hs_recall": 0.9674603174603175,
                "eval_tr_f1": 0.6069057104913679,
                "eval_tr_precision": 0.4677584442169908,
                "eval_tr_recall": 0.8638941398865785,
                "eval_ag_f1": 0.44515783841626544,
                "eval_ag_precision": 0.3262745098039216,
                "eval_ag_recall": 0.7003367003367004,
                "eval_macro_hs_f1_score": 0.5260179528279086,
                "eval_emr_no_gating": 0.38366666666666666,
                "eval_emr": 0.39166666666666666,
                "eval_macro_f1": 0.5664209723472595,
                "eval_macro_precision": 0.42675718665122986,
                "eval_macro_recall": 0.8438970446586609,
                "eval_runtime": 6.1911,
                "eval_samples_per_second": 484.569,
                "eval_steps_per_second": 30.366,
                "epoch": 5.0
            },
            {
                "eval_loss": 37.668251037597656,
                "eval_hs_f1": 0.6537305274665208,
                "eval_hs_precision": 0.49854105877448934,
                "eval_hs_recall": 0.9492063492063492,
                "eval_tr_f1": 0.616991643454039,
                "eval_tr_precision": 0.4884233737596472,
                "eval_tr_recall": 0.8374291115311909,
                "eval_ag_f1": 0.46743295019157083,
                "eval_ag_precision": 0.34630981346309814,
                "eval_ag_recall": 0.7188552188552189,
                "eval_macro_hs_f1_score": 0.5562544136691852,
                "eval_emr_no_gating": 0.414,
                "eval_emr": 0.4186666666666667,
                "eval_macro_f1": 0.5793850421905518,
                "eval_macro_precision": 0.44442474842071533,
                "eval_macro_recall": 0.8351635336875916,
                "eval_runtime": 6.2265,
                "eval_samples_per_second": 481.811,
                "eval_steps_per_second": 30.193,
                "epoch": 5.0
            },
            {
                "eval_loss": 44.297176361083984,
                "eval_hs_f1": 0.6394521991045563,
                "eval_hs_precision": 0.47851793456838787,