{
    "model": "vinai/bertweet-base",
    "lang": "en",
    "train_args": {
        "epochs": 5,
        "batch_size": 32,
        "eval_batch_size": 16,
        "warmup_ratio": 0.1,
        "limit": null,
        "task_b": true,
        "metric_for_best_model": "emr"
    },
    "evaluations": {
        "hate_speech": [
            {
                "eval_loss": 0.9051382541656494,
                "eval_hs_f1": 0.6548577563070317,
                "eval_hs_precision": 0.49472830494728304,
                "eval_hs_recall": 0.9682539682539683,
                "eval_tr_f1": 0.6122159090909091,
                "eval_tr_precision": 0.49032992036405004,
                "eval_tr_recall": 0.8147448015122873,
                "eval_ag_f1": 0.4660493827160494,
                "eval_ag_precision": 0.33555555555555555,
                "eval_ag_recall": 0.7626262626262627,
                "eval_macro_hs_f1_score": 0.5446672246794613,
                "eval_emr_no_gating": 0.408,
                "eval_emr": 0.4083333333333333,
                "eval_macro_f1": 0.5777077078819275,
                "eval_macro_precision": 0.44020459055900574,
                "eval_macro_recall": 0.8485417366027832,
                "eval_runtime": 6.2295,
                "eval_samples_per_second": 481.583,
                "eval_steps_per_second": 30.179,
                "epoch": 5.0
            },
            {
                "eval_loss": 0.874750018119812,
                "eval_hs_f1": 0.6602102933038184,
                "eval_hs_precision": 0.5067969413763806,
                "eval_hs_recall": 0.9468253968253968,
                "eval_tr_f1": 0.6296566837107377,
                "eval_tr_precision": 0.513095238095238,
                "eval_tr_recall": 0.8147448015122873,
                "eval_ag_f1": 0.46114519427402867,
                "eval_ag_precision": 0.3311306901615272,
                "eval_ag_recall": 0.7592592592592593,
                "eval_macro_hs_f1_score": 0.5727706956879528,
                "eval_emr_no_gating": 0.42933333333333334,
                "eval_emr": 0.43033333333333335,
                "eval_macro_f1": 0.5836706757545471,
                "eval_macro_precision": 0.45034098625183105,
                "eval_macro_recall": 0.8402764797210693,
                "eval_runtime": 6.2089,
                "eval_samples_per_second": 483.179,
                "eval_steps_per_second": 30.279,
                "epoch": 5.0
            },
            {
                "eval_loss": 0.9215065836906433,
                "eval_hs_f1": 0.6579804560260586,
                "eval_hs_precision": 0.5,
                "eval_hs_recall": 0.9619047619047619,
                "eval_tr_f1": 0.6147248034310222,
                "eval_tr_precision": 0.4942528735632184,
                "eval_tr_recall": 0.8128544423440454,
                "eval_ag_f1": 0.4607645875251509,
                "eval_ag_precision": 0.3285509325681492,
                "eval_ag_recall": 0.7710437710437711,
                "eval_macro_hs_f1_score": 0.5569695026244282,
                "eval_emr_no_gating": 0.418,
                "eval_emr": 0.419,
                "eval_macro_f1": 0.5778233408927917,
                "eval_macro_precision": 0.44093456864356995,
                "eval_macro_recall": 0.8486010432243347,
                "eval_runtime": 6.2651,
                "eval_samples_per_second": 478.842,
                "eval_steps_per_second": 30.007,
                "epoch": 5.0
            },
            {
                "eval_loss": 0.8715916275978088,
                "eval_hs_f1": 0.6557023456457267,
                "eval_hs_precision": 0.4965291955900368,
                "eval_hs_recall": 0.9650793650793651,
                "eval_tr_f1": 0.6328011611030478,
                "eval_tr_precision": 0.5135453474676089,
                "eval_tr_recall": 0.8241965973534972,
                "eval_ag_f1": 0.464117338920901,
                "eval_ag_precision": 0.33688212927756656,
                "eval_ag_recall": 0.7457912457912458,
                "eval_macro_hs_f1_score": 0.5491519148569096,
                "eval_emr_no_gating": 0.4073333333333333,
                "eval_emr": 0.4076666666666667,
                "eval_macro_f1": 0.5842069983482361,
                "eval_macro_precision": 0.4489855468273163,
                "eval_macro_recall": 0.8450223803520203,
                "eval_runtime": 6.2208,
                "eval_samples_per_second": 482.251,
                "eval_steps_per_second": 30.221,
                "epoch": 5.0
            },
            {
                "eval_loss": 0.7924572825431824,
                "eval_hs_f1": 0.670516892867456,
                "eval_hs_precision": 0.5270086246028144,
                "eval_hs_recall": 0.9214285714285714,
                "eval_tr_f1": 0.6369529983792545,
                "eval_tr_precision": 0.5574468085106383,
                "eval_tr_recall": 0.7429111531190926,
                "eval_ag_f1": 0.46486486486486484,
                "eval_ag_precision": 0.34235668789808915,
                "eval_ag_recall": 0.7239057239057239,
                "eval_macro_hs_f1_score": 0.6103865504936412,
                "eval_emr_no_gating": 0.46066666666666667,
                "eval_emr": 0.46166666666666667,
                "eval_macro_f1": 0.5907782316207886,
                "eval_macro_precision": 0.4756040573120117,
                "eval_macro_recall": 0.7960818409919739,
                "eval_runtime": 6.2803,
                "eval_samples_per_second": 477.687,
                "eval_steps_per_second": 29.935,
                "epoch": 5.0
            },
            {
                "eval_loss": 0.9272420406341553,
                "eval_hs_f1": 0.6506410256410257,
                "eval_hs_precision": 0.49033816425120774,
                "eval_hs_recall": 0.9666666666666667,
                "eval_tr_f1": 0.6199158485273493,
                "eval_tr_precision": 0.4927536231884058,
                "eval_tr_recall": 0.8355387523629489,
                "eval_ag_f1": 0.47826086956521746,
                "eval_ag_precision": 0.3452914798206278,
                "eval_ag_recall": 0.7777777777777778,
                "eval_macro_hs_f1_score": 0.5354268957992362,
                "eval_emr_no_gating": 0.4033333333333333,
                "eval_emr": 0.4033333333333333,
                "eval_macro_f1": 0.5829392671585083,
                "eval_macro_precision": 0.44279444217681885,
                "eval_macro_recall": 0.8599944114685059,
                "eval_runtime": 6.1333,
                "eval_samples_per_second": 489.134,
                "eval_steps_per_second": 30.652,
                "epoch": 5.0
            },
            {
                "eval_loss": 0.8373523950576782,
                "eval_hs_f1": 0.6581123467351012,
                "eval_hs_precision": 0.5135736537605696,
                "eval_hs_recall": 0.9158730158730158,
                "eval_tr_f1": 0.629742033383915,
                "eval_tr_precision": 0.5259822560202788,
                "eval_tr_recall": 0.7844990548204159,
                "eval_ag_f1": 0.46411225040474907,
                "eval_ag_precision": 0.3415409054805401,
                "eval_ag_recall": 0.7239057239057239,
                "eval_macro_hs_f1_score": 0.5885828480566802,
                "eval_emr_no_gating": 0.446,
                "eval_emr": 0.447,
                "eval_macro_f1": 0.5839889049530029,
                "eval_macro_precision": 0.4603656232357025,
                "eval_macro_recall": 0.8080925941467285,
                "eval_runtime": 6.1714,
                "eval_samples_per_second": 486.117,
                "eval_steps_per_second": 30.463,
                "epoch": 5.0
            },
            {
                "eval_loss": 0.8566010594367981,
                "eval_hs_f1": 0.6616915422885571,
                "eval_hs_precision": 0.5076335877862596,
                "eval_hs_recall": 0.95,
                "eval_tr_f1": 0.6375478927203065,