{
    "model": "dccuchile/bert-base-spanish-wwm-uncased",
    "lang": "es",
    "train_args": {
        "epochs": 5,
        "batch_size": 32,
        "eval_batch_size": 16,
        "warmup_ratio": 0.1,
        "limit": null,
        "task_b": true,
        "metric_for_best_model": "emr"
    },
    "evaluations": {
        "hate_speech": [
            {
                "eval_loss": 0.4479471445083618,
                "eval_hs_f1": 0.7490226739640343,
                "eval_hs_precision": 0.7738287560581584,
                "eval_hs_recall": 0.7257575757575757,
                "eval_tr_f1": 0.7822784810126584,
                "eval_tr_precision": 0.8419618528610354,
                "eval_tr_recall": 0.7304964539007093,
                "eval_ag_f1": 0.7178947368421051,
                "eval_ag_precision": 0.7163865546218487,
                "eval_ag_recall": 0.7194092827004219,
                "eval_macro_hs_f1_score": 0.790961102729024,
                "eval_emr_no_gating": 0.723125,
                "eval_emr": 0.72375,
                "eval_macro_f1": 0.7497319579124451,
                "eval_macro_precision": 0.7773923873901367,
                "eval_macro_recall": 0.7252210974693298,
                "eval_runtime": 3.0659,
                "eval_samples_per_second": 521.864,
                "eval_steps_per_second": 32.617,
                "epoch": 5.0
            },
            {
                "eval_loss": 0.609042227268219,
                "eval_hs_f1": 0.7370517928286853,
                "eval_hs_precision": 0.6560283687943262,
                "eval_hs_recall": 0.8409090909090909,
                "eval_tr_f1": 0.7707082833133253,
                "eval_tr_precision": 0.7829268292682927,
                "eval_tr_recall": 0.7588652482269503,
                "eval_ag_f1": 0.6702605570530099,
                "eval_ag_precision": 0.5837245696400626,
                "eval_ag_recall": 0.7869198312236287,
                "eval_macro_hs_f1_score": 0.7516427795312257,
                "eval_emr_no_gating": 0.64625,
                "eval_emr": 0.646875,
                "eval_macro_f1": 0.726006805896759,
                "eval_macro_precision": 0.6742265820503235,
                "eval_macro_recall": 0.7955647110939026,
                "eval_runtime": 3.0545,
                "eval_samples_per_second": 523.817,
                "eval_steps_per_second": 32.739,
                "epoch": 5.0
            },
            {
                "eval_loss": 0.44215628504753113,
                "eval_hs_f1": 0.7129032258064516,
                "eval_hs_precision": 0.7620689655172413,
                "eval_hs_recall": 0.6696969696969697,
                "eval_tr_f1": 0.737864077669903,
                "eval_tr_precision": 0.8926174496644296,
                "eval_tr_recall": 0.6288416075650118,
                "eval_ag_f1": 0.6633291614518146,
                "eval_ag_precision": 0.8153846153846154,
                "eval_ag_recall": 0.5590717299578059,
                "eval_macro_hs_f1_score": 0.7656352863726136,
                "eval_emr_no_gating": 0.69875,
                "eval_emr": 0.7,
                "eval_macro_f1": 0.7046988010406494,
                "eval_macro_precision": 0.8233570456504822,
                "eval_macro_recall": 0.6192033886909485,
                "eval_runtime": 3.0452,
                "eval_samples_per_second": 525.421,
                "eval_steps_per_second": 32.839,
                "epoch": 5.0
            },
            {
                "eval_loss": 0.5233302712440491,
                "eval_hs_f1": 0.7516387472687545,
                "eval_hs_precision": 0.7237026647966339,
                "eval_hs_recall": 0.7818181818181819,
                "eval_tr_f1": 0.7679425837320574,
                "eval_tr_precision": 0.7772397094430993,
                "eval_tr_recall": 0.7588652482269503,
                "eval_ag_f1": 0.6886792452830189,
                "eval_ag_precision": 0.6228668941979523,
                "eval_ag_recall": 0.770042194092827,
                "eval_macro_hs_f1_score": 0.7824969872085425,
                "eval_emr_no_gating": 0.6975,
                "eval_emr": 0.698125,
                "eval_macro_f1": 0.7360868453979492,
                "eval_macro_precision": 0.7079364657402039,
                "eval_macro_recall": 0.770241916179657,
                "eval_runtime": 3.0502,
                "eval_samples_per_second": 524.553,
                "eval_steps_per_second": 32.785,
                "epoch": 5.0
            },
            {
                "eval_loss": 0.4800870418548584,
                "eval_hs_f1": 0.7386196769456681,
                "eval_hs_precision": 0.7165242165242165,
                "eval_hs_recall": 0.7621212121212121,
                "eval_tr_f1": 0.7705956907477819,
                "eval_tr_precision": 0.8306010928961749,
                "eval_tr_recall": 0.7186761229314421,
                "eval_ag_f1": 0.6894531250000001,
                "eval_ag_precision": 0.6418181818181818,
                "eval_ag_recall": 0.7447257383966245,
                "eval_macro_hs_f1_score": 0.7724654423901354,
                "eval_emr_no_gating": 0.685,
                "eval_emr": 0.686875,
                "eval_macro_f1": 0.7328894734382629,
                "eval_macro_precision": 0.7296478152275085,
                "eval_macro_recall": 0.7418410181999207,
                "eval_runtime": 3.0562,
                "eval_samples_per_second": 523.523,
                "eval_steps_per_second": 32.72,
                "epoch": 5.0
            },
            {
                "eval_loss": 0.4524495005607605,
                "eval_hs_f1": 0.7637401855817274,
                "eval_hs_precision": 0.7219973009446694,
                "eval_hs_recall": 0.8106060606060606,
                "eval_tr_f1": 0.7630522088353414,
                "eval_tr_precision": 0.8796296296296297,
                "eval_tr_recall": 0.6737588652482269,
                "eval_ag_f1": 0.6967871485943774,
                "eval_ag_precision": 0.6647509578544061,
                "eval_ag_recall": 0.7320675105485233,
                "eval_macro_hs_f1_score": 0.7898745397058164,
                "eval_emr_no_gating": 0.693125,
                "eval_emr": 0.693125,
                "eval_macro_f1": 0.7411931157112122,
                "eval_macro_precision": 0.7554593086242676,
                "eval_macro_recall": 0.7388108372688293,
                "eval_runtime": 3.081,
                "eval_samples_per_second": 519.311,
                "eval_steps_per_second": 32.457,
                "epoch": 5.0
            },
            {
                "eval_loss": 0.6113930344581604,
                "eval_hs_f1": 0.7321309285237141,
                "eval_hs_precision": 0.6547192353643967,
                "eval_hs_recall": 0.8303030303030303,
                "eval_tr_f1": 0.7566909975669098,
                "eval_tr_precision": 0.7794486215538847,
                "eval_tr_recall": 0.735224586288416,
                "eval_ag_f1": 0.6810102899906455,
                "eval_ag_precision": 0.611764705882353,
                "eval_ag_recall": 0.7679324894514767,
                "eval_macro_hs_f1_score": 0.7483320526353157,
                "eval_emr_no_gating": 0.64875,
                "eval_emr": 0.64875,
                "eval_macro_f1": 0.7232773900032043,
                "eval_macro_precision": 0.6819775104522705,
                "eval_macro_recall": 0.7778200507164001,
                "eval_runtime": 3.066,
                "eval_samples_per_second": 521.847,
                "eval_steps_per_second": 32.615,
                "epoch": 5.0
            },
            {
                "eval_loss": 0.4848009943962097,
                "eval_hs_f1": 0.7416918429003022,
                "eval_hs_precision": 0.7394578313253012,
                "eval_hs_recall": 0.7439393939393939,
                "eval_tr_f1": 0.7637698898408813,
                "eval_tr_precision": 0.7918781725888325,