{
    "model": "dccuchile/bert-base-spanish-wwm-uncased",
    "lang": "es",
    "train_args": {
        "epochs": 5,
        "batch_size": 32,
        "eval_batch_size": 16,
        "warmup_ratio": 0.1,
        "limit": null,
        "task_b": true,
        "metric_for_best_model": "emr",
        "combinatorial": true
    },
    "evaluations": {
        "hate_speech": [
            {
                "eval_loss": 1.0754987001419067,
                "eval_hs_f1": 0.7400275103163687,
                "eval_hs_precision": 0.6775818639798489,
                "eval_hs_recall": 0.8151515151515152,
                "eval_tr_f1": 0.7477064220183486,
                "eval_tr_precision": 0.7260579064587973,
                "eval_tr_recall": 0.7706855791962175,
                "eval_ag_f1": 0.628152969894223,
                "eval_ag_precision": 0.5112582781456954,
                "eval_ag_recall": 0.8143459915611815,
                "eval_macro_hs_f1_score": 0.7617663324777719,
                "eval_emr_no_gating": 0.665,
                "eval_emr": 0.665,
                "eval_macro_f1": 0.7052955627441406,
                "eval_macro_precision": 0.6382994055747986,
                "eval_macro_recall": 0.800061047077179,
                "eval_runtime": 3.0971,
                "eval_samples_per_second": 516.609,
                "eval_steps_per_second": 32.288,
                "epoch": 5.0
            },
            {
                "eval_loss": 1.029107928276062,
                "eval_hs_f1": 0.752840909090909,
                "eval_hs_precision": 0.7085561497326203,
                "eval_hs_recall": 0.803030303030303,
                "eval_tr_f1": 0.751131221719457,
                "eval_tr_precision": 0.720173535791757,
                "eval_tr_recall": 0.7848699763593381,
                "eval_ag_f1": 0.6522462562396006,
                "eval_ag_precision": 0.5384615384615384,
                "eval_ag_recall": 0.8270042194092827,
                "eval_macro_hs_f1_score": 0.7793222402597402,
                "eval_emr_no_gating": 0.685625,
                "eval_emr": 0.685625,
                "eval_macro_f1": 0.7187395095825195,
                "eval_macro_precision": 0.6557304263114929,
                "eval_macro_recall": 0.8049681782722473,
                "eval_runtime": 3.1328,
                "eval_samples_per_second": 510.728,
                "eval_steps_per_second": 31.921,
                "epoch": 5.0
            },
            {
                "eval_loss": 1.2639522552490234,
                "eval_hs_f1": 0.7416843595187544,
                "eval_hs_precision": 0.6958831341301461,
                "eval_hs_recall": 0.793939393939394,
                "eval_tr_f1": 0.7549824150058615,
                "eval_tr_precision": 0.7488372093023256,
                "eval_tr_recall": 0.7612293144208038,
                "eval_ag_f1": 0.6810506566604129,
                "eval_ag_precision": 0.6131756756756757,
                "eval_ag_recall": 0.7658227848101266,
                "eval_macro_hs_f1_score": 0.7687157108170157,
                "eval_emr_no_gating": 0.684375,
                "eval_emr": 0.684375,
                "eval_macro_f1": 0.7259058356285095,
                "eval_macro_precision": 0.685965359210968,
                "eval_macro_recall": 0.7736638188362122,
                "eval_runtime": 3.3109,
                "eval_samples_per_second": 483.246,
                "eval_steps_per_second": 30.203,
                "epoch": 5.0
            },
            {
                "eval_loss": 1.0451209545135498,
                "eval_hs_f1": 0.7255813953488373,
                "eval_hs_precision": 0.7428571428571429,
                "eval_hs_recall": 0.7090909090909091,
                "eval_tr_f1": 0.7602209944751381,
                "eval_tr_precision": 0.7136929460580913,
                "eval_tr_recall": 0.8132387706855791,
                "eval_ag_f1": 0.6703397612488522,
                "eval_ag_precision": 0.5934959349593496,
                "eval_ag_recall": 0.770042194092827,
                "eval_macro_hs_f1_score": 0.7701205406063558,
                "eval_emr_no_gating": 0.70625,
                "eval_emr": 0.70625,
                "eval_macro_f1": 0.7187140583992004,
                "eval_macro_precision": 0.6833486557006836,
                "eval_macro_recall": 0.7641239166259766,
                "eval_runtime": 3.3618,
                "eval_samples_per_second": 475.941,
                "eval_steps_per_second": 29.746,
                "epoch": 5.0
            },
            {
                "eval_loss": 0.9972319006919861,
                "eval_hs_f1": 0.752994011976048,
                "eval_hs_precision": 0.7440828402366864,
                "eval_hs_recall": 0.7621212121212121,
                "eval_tr_f1": 0.7737704918032787,
                "eval_tr_precision": 0.7195121951219512,
                "eval_tr_recall": 0.8368794326241135,
                "eval_ag_f1": 0.6760563380281691,
                "eval_ag_precision": 0.5800604229607251,
                "eval_ag_recall": 0.810126582278481,
                "eval_macro_hs_f1_score": 0.7879776926833029,
                "eval_emr_no_gating": 0.70875,
                "eval_emr": 0.70875,
                "eval_macro_f1": 0.7342736124992371,
                "eval_macro_precision": 0.6812185645103455,
                "eval_macro_recall": 0.8030424118041992,
                "eval_runtime": 3.1779,
                "eval_samples_per_second": 503.478,
                "eval_steps_per_second": 31.467,
                "epoch": 5.0
            },
            {
                "eval_loss": 1.0630829334259033,
                "eval_hs_f1": 0.7431059506531206,
                "eval_hs_precision": 0.713091922005571,
                "eval_hs_recall": 0.7757575757575758,
                "eval_tr_f1": 0.76431718061674,
                "eval_tr_precision": 0.7154639175257732,
                "eval_tr_recall": 0.8203309692671394,
                "eval_ag_f1": 0.651553316540722,
                "eval_ag_precision": 0.5411436541143654,
                "eval_ag_recall": 0.8185654008438819,
                "eval_macro_hs_f1_score": 0.7744069819127293,
                "eval_emr_no_gating": 0.6875,
                "eval_emr": 0.6875,
                "eval_macro_f1": 0.7196588516235352,
                "eval_macro_precision": 0.6565665006637573,
                "eval_macro_recall": 0.804884672164917,
                "eval_runtime": 3.2896,
                "eval_samples_per_second": 486.387,
                "eval_steps_per_second": 30.399,
                "epoch": 5.0
            },
            {
                "eval_loss": 1.108099341392517,
                "eval_hs_f1": 0.7407952871870398,
                "eval_hs_precision": 0.7206303724928367,
                "eval_hs_recall": 0.7621212121212121,
                "eval_tr_f1": 0.7546296296296297,
                "eval_tr_precision": 0.7392290249433107,
                "eval_tr_recall": 0.7706855791962175,
                "eval_ag_f1": 0.6413137424373379,
                "eval_ag_precision": 0.5431918008784773,
                "eval_ag_recall": 0.7827004219409283,
                "eval_macro_hs_f1_score": 0.7748493265468315,
                "eval_emr_no_gating": 0.68625,
                "eval_emr": 0.68625,
                "eval_macro_f1": 0.7122462391853333,
                "eval_macro_precision": 0.6676837801933289,
                "eval_macro_recall": 0.7718357443809509,
                "eval_runtime": 3.3836,
                "eval_samples_per_second": 472.869,
                "eval_steps_per_second": 29.554,
                "epoch": 5.0
            },
            {
                "eval_loss": 0.9832683801651001,
                "eval_hs_f1": 0.7384382107657316,
                "eval_hs_precision": 0.7389984825493171,
                "eval_hs_recall": 0.7378787878787879,
                "eval_tr_f1": 0.7625418060200668,