{
    "model": "dccuchile/bert-base-spanish-wwm-uncased",
    "lang": "es",
    "train_args": {
        "epochs": 5,
        "batch_size": 32,
        "eval_batch_size": 16,
        "warmup_ratio": 0.1,
        "limit": null,
        "task_b": true,
        "metric_for_best_model": "emr",
        "hierarchical": true,
        "gamma": 0.1
    },
    "evaluations": {
        "hate_speech": [
            {
                "eval_loss": 15.40826416015625,
                "eval_hs_f1": 0.7281553398058253,
                "eval_hs_precision": 0.78125,
                "eval_hs_recall": 0.6818181818181818,
                "eval_tr_f1": 0.734640522875817,
                "eval_tr_precision": 0.8216374269005848,
                "eval_tr_recall": 0.6643026004728132,
                "eval_ag_f1": 0.6632653061224489,
                "eval_ag_precision": 0.642292490118577,
                "eval_ag_recall": 0.6856540084388185,
                "eval_macro_hs_f1_score": 0.7785379550352955,
                "eval_emr_no_gating": 0.680625,
                "eval_emr": 0.718125,
                "eval_macro_f1": 0.7086870670318604,
                "eval_macro_precision": 0.7483932971954346,
                "eval_macro_recall": 0.6772582530975342,
                "eval_runtime": 3.1926,
                "eval_samples_per_second": 501.153,
                "eval_steps_per_second": 31.322,
                "epoch": 5.0
            },
            {
                "eval_loss": 15.42333698272705,
                "eval_hs_f1": 0.7056110684089162,
                "eval_hs_precision": 0.7160686427457098,
                "eval_hs_recall": 0.6954545454545454,
                "eval_tr_f1": 0.7716129032258064,
                "eval_tr_precision": 0.8494318181818182,
                "eval_tr_recall": 0.706855791962175,
                "eval_ag_f1": 0.6878001921229587,
                "eval_ag_precision": 0.6313932980599647,
                "eval_ag_recall": 0.7552742616033755,
                "eval_macro_hs_f1_score": 0.7519629854946108,
                "eval_emr_no_gating": 0.653125,
                "eval_emr": 0.68625,
                "eval_macro_f1": 0.7216746807098389,
                "eval_macro_precision": 0.7322978973388672,
                "eval_macro_recall": 0.7191948890686035,
                "eval_runtime": 3.2772,
                "eval_samples_per_second": 488.224,
                "eval_steps_per_second": 30.514,
                "epoch": 5.0
            },
            {
                "eval_loss": 17.62981605529785,
                "eval_hs_f1": 0.7359238699444884,
                "eval_hs_precision": 0.7720465890183028,
                "eval_hs_recall": 0.703030303030303,
                "eval_tr_f1": 0.7773677736777368,
                "eval_tr_precision": 0.8102564102564103,
                "eval_tr_recall": 0.7470449172576832,
                "eval_ag_f1": 0.6981317600786627,
                "eval_ag_precision": 0.6537753222836096,
                "eval_ag_recall": 0.7489451476793249,
                "eval_macro_hs_f1_score": 0.7820929303306764,
                "eval_emr_no_gating": 0.7,
                "eval_emr": 0.721875,
                "eval_macro_f1": 0.7371411323547363,
                "eval_macro_precision": 0.7453594207763672,
                "eval_macro_recall": 0.7330067753791809,
                "eval_runtime": 3.1527,
                "eval_samples_per_second": 507.502,
                "eval_steps_per_second": 31.719,
                "epoch": 5.0
            },
            {
                "eval_loss": 18.619905471801758,
                "eval_hs_f1": 0.7533632286995516,
                "eval_hs_precision": 0.7433628318584071,
                "eval_hs_recall": 0.7636363636363637,
                "eval_tr_f1": 0.7659063625450181,
                "eval_tr_precision": 0.7780487804878049,
                "eval_tr_recall": 0.7541371158392435,
                "eval_ag_f1": 0.6807339449541284,
                "eval_ag_precision": 0.6022727272727273,
                "eval_ag_recall": 0.7827004219409283,
                "eval_macro_hs_f1_score": 0.7880672212241044,
                "eval_emr_no_gating": 0.695,
                "eval_emr": 0.708125,
                "eval_macro_f1": 0.7333345413208008,
                "eval_macro_precision": 0.7078948020935059,
                "eval_macro_recall": 0.7668245434761047,
                "eval_runtime": 3.3835,
                "eval_samples_per_second": 472.886,
                "eval_steps_per_second": 29.555,
                "epoch": 5.0
            },
            {
                "eval_loss": 19.706439971923828,
                "eval_hs_f1": 0.7308868501529052,
                "eval_hs_precision": 0.7376543209876543,
                "eval_hs_recall": 0.7242424242424242,
                "eval_tr_f1": 0.7409200968523003,
                "eval_tr_precision": 0.7593052109181141,
                "eval_tr_recall": 0.723404255319149,
                "eval_ag_f1": 0.6555555555555554,
                "eval_ag_precision": 0.5841584158415841,
                "eval_ag_recall": 0.7468354430379747,
                "eval_macro_hs_f1_score": 0.772420169262499,
                "eval_emr_no_gating": 0.668125,
                "eval_emr": 0.695625,
                "eval_macro_f1": 0.7091208100318909,
                "eval_macro_precision": 0.6937060356140137,
                "eval_macro_recall": 0.7314940094947815,
                "eval_runtime": 3.3809,
                "eval_samples_per_second": 473.241,
                "eval_steps_per_second": 29.578,
                "epoch": 5.0
            },
            {
                "eval_loss": 19.045284271240234,
                "eval_hs_f1": 0.7404580152671756,
                "eval_hs_precision": 0.7461538461538462,
                "eval_hs_recall": 0.7348484848484849,
                "eval_tr_f1": 0.7678795483061481,
                "eval_tr_precision": 0.8181818181818182,
                "eval_tr_recall": 0.723404255319149,
                "eval_ag_f1": 0.6885245901639344,
                "eval_ag_precision": 0.6341030195381883,
                "eval_ag_recall": 0.7531645569620253,
                "eval_macro_hs_f1_score": 0.7802819176864979,
                "eval_emr_no_gating": 0.684375,
                "eval_emr": 0.7075,
                "eval_macro_f1": 0.7322874069213867,
                "eval_macro_precision": 0.7328128814697266,
                "eval_macro_recall": 0.7371390461921692,
                "eval_runtime": 3.1927,
                "eval_samples_per_second": 501.147,
                "eval_steps_per_second": 31.322,
                "epoch": 5.0
            },
            {
                "eval_loss": 18.773605346679688,
                "eval_hs_f1": 0.729264475743349,
                "eval_hs_precision": 0.7540453074433657,
                "eval_hs_recall": 0.706060606060606,
                "eval_tr_f1": 0.7609511889862328,
                "eval_tr_precision": 0.8085106382978723,
                "eval_tr_recall": 0.7186761229314421,
                "eval_ag_f1": 0.6736441484300666,
                "eval_ag_precision": 0.6135181975736569,
                "eval_ag_recall": 0.7468354430379747,
                "eval_macro_hs_f1_score": 0.7746218320444112,
                "eval_emr_no_gating": 0.676875,
                "eval_emr": 0.708125,
                "eval_macro_f1": 0.7212865948677063,
                "eval_macro_precision": 0.7253580689430237,
                "eval_macro_recall": 0.7238574028015137,
                "eval_runtime": 3.347,
                "eval_samples_per_second": 478.035,
                "eval_steps_per_second": 29.877,
                "epoch": 5.0
            },
            {
                "eval_loss": 18.32794761657715,
                "eval_hs_f1": 0.7496296296296295,
                "eval_hs_precision": 0.7333333333333333,
                "eval_hs_recall": 0.7666666666666667,
                "eval_tr_f1": 0.7650676506765068,