{
    "model": "dccuchile/bert-base-spanish-wwm-uncased",
    "lang": "es",
    "train_args": {
        "epochs": 5,
        "batch_size": 32,
        "eval_batch_size": 16,
        "warmup_ratio": 0.1,
        "limit": null,
        "task_b": true,
        "metric_for_best_model": "emr",
        "hierarchical": true,
        "gamma": 0
    },
    "evaluations": {
        "hate_speech": [
            {
                "eval_loss": 15.87607192993164,
                "eval_hs_f1": 0.7410179640718562,
                "eval_hs_precision": 0.7322485207100592,
                "eval_hs_recall": 0.75,
                "eval_tr_f1": 0.7529411764705882,
                "eval_tr_precision": 0.7494145199063232,
                "eval_tr_recall": 0.7565011820330969,
                "eval_ag_f1": 0.672,
                "eval_ag_precision": 0.5806451612903226,
                "eval_ag_recall": 0.7974683544303798,
                "eval_macro_hs_f1_score": 0.7776978232376448,
                "eval_emr_no_gating": 0.26875,
                "eval_emr": 0.699375,
                "eval_macro_f1": 0.7219863533973694,
                "eval_macro_precision": 0.687436044216156,
                "eval_macro_recall": 0.7679898738861084,
                "eval_runtime": 3.1201,
                "eval_samples_per_second": 512.799,
                "eval_steps_per_second": 32.05,
                "epoch": 5.0
            },
            {
                "eval_loss": 15.772686958312988,
                "eval_hs_f1": 0.7430249632892806,
                "eval_hs_precision": 0.7207977207977208,
                "eval_hs_recall": 0.7666666666666667,
                "eval_tr_f1": 0.7595561035758324,
                "eval_tr_precision": 0.7938144329896907,
                "eval_tr_recall": 0.7281323877068558,
                "eval_ag_f1": 0.657917760279965,
                "eval_ag_precision": 0.5620328849028401,
                "eval_ag_recall": 0.7932489451476793,
                "eval_macro_hs_f1_score": 0.776300294484684,
                "eval_emr_no_gating": 0.3325,
                "eval_emr": 0.689375,
                "eval_macro_f1": 0.7201662659645081,
                "eval_macro_precision": 0.6922150254249573,
                "eval_macro_recall": 0.7626826763153076,
                "eval_runtime": 3.1317,
                "eval_samples_per_second": 510.909,
                "eval_steps_per_second": 31.932,
                "epoch": 5.0
            },
            {
                "eval_loss": 20.465116500854492,
                "eval_hs_f1": 0.7238912732474964,
                "eval_hs_precision": 0.6856368563685636,
                "eval_hs_recall": 0.7666666666666667,
                "eval_tr_f1": 0.7499999999999999,
                "eval_tr_precision": 0.7346938775510204,
                "eval_tr_recall": 0.7659574468085106,
                "eval_ag_f1": 0.6746765249537893,
                "eval_ag_precision": 0.600328947368421,
                "eval_ag_recall": 0.770042194092827,
                "eval_macro_hs_f1_score": 0.7548424179777993,
                "eval_emr_no_gating": 0.38375,
                "eval_emr": 0.678125,
                "eval_macro_f1": 0.7161892056465149,
                "eval_macro_precision": 0.6735532283782959,
                "eval_macro_recall": 0.7675554156303406,
                "eval_runtime": 3.1278,
                "eval_samples_per_second": 511.538,
                "eval_steps_per_second": 31.971,
                "epoch": 5.0
            },
            {
                "eval_loss": 16.073162078857422,
                "eval_hs_f1": 0.7387258410880458,
                "eval_hs_precision": 0.7001356852103121,
                "eval_hs_recall": 0.7818181818181819,
                "eval_tr_f1": 0.7681159420289855,
                "eval_tr_precision": 0.7851851851851852,
                "eval_tr_recall": 0.75177304964539,
                "eval_ag_f1": 0.662608695652174,
                "eval_ag_precision": 0.5636094674556213,
                "eval_ag_recall": 0.8037974683544303,
                "eval_macro_hs_f1_score": 0.768142731969425,
                "eval_emr_no_gating": 0.28125,
                "eval_emr": 0.68,
                "eval_macro_f1": 0.7231501936912537,
                "eval_macro_precision": 0.6829767227172852,
                "eval_macro_recall": 0.7791295647621155,
                "eval_runtime": 3.1154,
                "eval_samples_per_second": 513.58,
                "eval_steps_per_second": 32.099,
                "epoch": 5.0
            },
            {
                "eval_loss": 20.738536834716797,
                "eval_hs_f1": 0.7366946778711484,
                "eval_hs_precision": 0.6848958333333334,
                "eval_hs_recall": 0.796969696969697,
                "eval_tr_f1": 0.7557603686635944,
                "eval_tr_precision": 0.7370786516853932,
                "eval_tr_recall": 0.7754137115839244,
                "eval_ag_f1": 0.7023041474654379,
                "eval_ag_precision": 0.6235679214402619,
                "eval_ag_recall": 0.8037974683544303,
                "eval_macro_hs_f1_score": 0.7622525308091634,
                "eval_emr_no_gating": 0.523125,
                "eval_emr": 0.6825,
                "eval_macro_f1": 0.7315863966941833,
                "eval_macro_precision": 0.6818473935127258,
                "eval_macro_recall": 0.7920603156089783,
                "eval_runtime": 3.1313,
                "eval_samples_per_second": 510.972,
                "eval_steps_per_second": 31.936,
                "epoch": 5.0
            },
            {
                "eval_loss": 16.13154411315918,
                "eval_hs_f1": 0.7164179104477613,
                "eval_hs_precision": 0.7438825448613376,
                "eval_hs_recall": 0.6909090909090909,
                "eval_tr_f1": 0.7587878787878788,
                "eval_tr_precision": 0.7786069651741293,
                "eval_tr_recall": 0.7399527186761229,
                "eval_ag_f1": 0.6573556797020483,
                "eval_ag_precision": 0.5883333333333334,
                "eval_ag_recall": 0.7447257383966245,
                "eval_macro_hs_f1_score": 0.7645400398113222,
                "eval_emr_no_gating": 0.229375,
                "eval_emr": 0.698125,
                "eval_macro_f1": 0.7108538150787354,
                "eval_macro_precision": 0.7036076188087463,
                "eval_macro_recall": 0.7251958847045898,
                "eval_runtime": 3.132,
                "eval_samples_per_second": 510.861,
                "eval_steps_per_second": 31.929,
                "epoch": 5.0
            },
            {
                "eval_loss": 17.899324417114258,
                "eval_hs_f1": 0.7247639796659405,
                "eval_hs_precision": 0.6959553695955369,
                "eval_hs_recall": 0.7560606060606061,
                "eval_tr_f1": 0.7552941176470587,
                "eval_tr_precision": 0.7517564402810304,
                "eval_tr_recall": 0.7588652482269503,
                "eval_ag_f1": 0.6419327006039689,
                "eval_ag_precision": 0.5430656934306569,
                "eval_ag_recall": 0.7848101265822784,
                "eval_macro_hs_f1_score": 0.7584324560973696,
                "eval_emr_no_gating": 0.2825,
                "eval_emr": 0.66875,
                "eval_macro_f1": 0.7073302865028381,
                "eval_macro_precision": 0.663592517375946,
                "eval_macro_recall": 0.7665786743164062,
                "eval_runtime": 3.1314,
                "eval_samples_per_second": 510.951,
                "eval_steps_per_second": 31.934,
                "epoch": 5.0
            },
            {
                "eval_loss": 16.77593231201172,
                "eval_hs_f1": 0.7370030581039756,
                "eval_hs_precision": 0.7438271604938271,
                "eval_hs_recall": 0.7303030303030303,
                "eval_tr_f1": 0.7649122807017544,