{
    "model": "roberta-base",
    "lang": "en",
    "train_args": {
        "epochs": 5,
        "batch_size": 32,
        "eval_batch_size": 16,
        "warmup_ratio": 0.1,
        "limit": null,
        "task_b": true,
        "metric_for_best_model": "emr",
        "combinatorial": true
    },
    "evaluations": {
        "hate_speech": [
            {
                "eval_loss": 2.5350592136383057,
                "eval_hs_f1": 0.6390563564875491,
                "eval_hs_precision": 0.4771037181996086,
                "eval_hs_recall": 0.9674603174603175,
                "eval_tr_f1": 0.596078431372549,
                "eval_tr_precision": 0.45554445554445555,
                "eval_tr_recall": 0.8620037807183365,
                "eval_ag_f1": 0.45337301587301587,
                "eval_ag_precision": 0.32137834036568214,
                "eval_ag_recall": 0.7693602693602694,
                "eval_macro_hs_f1_score": 0.5044252034153993,
                "eval_emr_no_gating": 0.38333333333333336,
                "eval_emr": 0.38333333333333336,
                "eval_macro_f1": 0.5628359317779541,
                "eval_macro_precision": 0.41800883412361145,
                "eval_macro_recall": 0.8662748336791992,
                "eval_runtime": 6.7537,
                "eval_samples_per_second": 444.201,
                "eval_steps_per_second": 27.837,
                "epoch": 5.0
            },
            {
                "eval_loss": 2.1743268966674805,
                "eval_hs_f1": 0.6424595812350915,
                "eval_hs_precision": 0.48229208117787503,
                "eval_hs_recall": 0.9619047619047619,
                "eval_tr_f1": 0.5724185724185724,
                "eval_tr_precision": 0.45185995623632386,
                "eval_tr_recall": 0.780718336483932,
                "eval_ag_f1": 0.4517931998136936,
                "eval_ag_precision": 0.3122987765614939,
                "eval_ag_recall": 0.8164983164983165,
                "eval_macro_hs_f1_score": 0.5183559693333069,
                "eval_emr_no_gating": 0.387,
                "eval_emr": 0.387,
                "eval_macro_f1": 0.5555570721626282,
                "eval_macro_precision": 0.41548359394073486,
                "eval_macro_recall": 0.8530404567718506,
                "eval_runtime": 6.7098,
                "eval_samples_per_second": 447.104,
                "eval_steps_per_second": 28.019,
                "epoch": 5.0
            },
            {
                "eval_loss": 1.8727569580078125,
                "eval_hs_f1": 0.6378436082199093,
                "eval_hs_precision": 0.4804985926819461,
                "eval_hs_recall": 0.9484126984126984,
                "eval_tr_f1": 0.5906945380984491,
                "eval_tr_precision": 0.4591194968553459,
                "eval_tr_recall": 0.8279773156899811,
                "eval_ag_f1": 0.4378988708885616,
                "eval_ag_precision": 0.3090783090783091,
                "eval_ag_recall": 0.7508417508417509,
                "eval_macro_hs_f1_score": 0.5177677872435542,
                "eval_emr_no_gating": 0.39366666666666666,
                "eval_emr": 0.39366666666666666,
                "eval_macro_f1": 0.5554789900779724,
                "eval_macro_precision": 0.4162321388721466,
                "eval_macro_recall": 0.8424105644226074,
                "eval_runtime": 6.679,
                "eval_samples_per_second": 449.168,
                "eval_steps_per_second": 28.148,
                "epoch": 5.0
            },
            {
                "eval_loss": 2.5573480129241943,
                "eval_hs_f1": 0.6328916601714731,
                "eval_hs_precision": 0.4704519119351101,
                "eval_hs_recall": 0.9666666666666667,
                "eval_tr_f1": 0.5686777920410783,
                "eval_tr_precision": 0.4305150631681244,
                "eval_tr_recall": 0.8374291115311909,
                "eval_ag_f1": 0.4374086702386751,
                "eval_ag_precision": 0.30774503084304317,
                "eval_ag_recall": 0.7558922558922558,
                "eval_macro_hs_f1_score": 0.4879939472405483,
                "eval_emr_no_gating": 0.36466666666666664,
                "eval_emr": 0.36466666666666664,
                "eval_macro_f1": 0.5463260412216187,
                "eval_macro_precision": 0.40290403366088867,
                "eval_macro_recall": 0.8533293604850769,
                "eval_runtime": 6.687,
                "eval_samples_per_second": 448.631,
                "eval_steps_per_second": 28.114,
                "epoch": 5.0
            },
            {
                "eval_loss": 1.8423670530319214,
                "eval_hs_f1": 0.6369663219305225,
                "eval_hs_precision": 0.47829549980087616,
                "eval_hs_recall": 0.9531746031746032,
                "eval_tr_f1": 0.5901426718547341,
                "eval_tr_precision": 0.4491609081934847,
                "eval_tr_recall": 0.8601134215500945,
                "eval_ag_f1": 0.42961608775137106,
                "eval_ag_precision": 0.2948557089084065,
                "eval_ag_recall": 0.7912457912457912,
                "eval_macro_hs_f1_score": 0.5113947805256023,
                "eval_emr_no_gating": 0.38366666666666666,
                "eval_emr": 0.38366666666666666,
                "eval_macro_f1": 0.5522416830062866,
                "eval_macro_precision": 0.40743735432624817,
                "eval_macro_recall": 0.8681778907775879,
                "eval_runtime": 6.6191,
                "eval_samples_per_second": 453.233,
                "eval_steps_per_second": 28.403,
                "epoch": 5.0
            },
            {
                "eval_loss": 1.9277437925338745,
                "eval_hs_f1": 0.6343774677546723,
                "eval_hs_precision": 0.47459629775502166,
                "eval_hs_recall": 0.9563492063492064,
                "eval_tr_f1": 0.5414691943127962,
                "eval_tr_precision": 0.3943054357204487,
                "eval_tr_recall": 0.8638941398865785,
                "eval_ag_f1": 0.43333333333333335,
                "eval_ag_precision": 0.2988505747126437,
                "eval_ag_recall": 0.7878787878787878,
                "eval_macro_hs_f1_score": 0.5016503422371726,
                "eval_emr_no_gating": 0.378,
                "eval_emr": 0.378,
                "eval_macro_f1": 0.5363933444023132,
                "eval_macro_precision": 0.3892507553100586,
                "eval_macro_recall": 0.8693740367889404,
                "eval_runtime": 6.6158,
                "eval_samples_per_second": 453.462,
                "eval_steps_per_second": 28.417,
                "epoch": 5.0
            },
            {
                "eval_loss": 2.7607262134552,
                "eval_hs_f1": 0.631768953068592,
                "eval_hs_precision": 0.4679144385026738,
                "eval_hs_recall": 0.9722222222222222,
                "eval_tr_f1": 0.5641352903637523,
                "eval_tr_precision": 0.4258188824662813,
                "eval_tr_recall": 0.8355387523629489,
                "eval_ag_f1": 0.44320297951582865,
                "eval_ag_precision": 0.3063063063063063,
                "eval_ag_recall": 0.8013468013468014,
                "eval_macro_hs_f1_score": 0.4794094529716193,
                "eval_emr_no_gating": 0.36033333333333334,
                "eval_emr": 0.36033333333333334,
                "eval_macro_f1": 0.5463690757751465,
                "eval_macro_precision": 0.4000132083892822,
                "eval_macro_recall": 0.8697025775909424,
                "eval_runtime": 6.7298,
                "eval_samples_per_second": 445.779,
                "eval_steps_per_second": 27.935,
                "epoch": 5.0
            },
            {
                "eval_loss": 2.546063184738159,
                "eval_hs_f1": 0.638477801268499,
                "eval_hs_precision": 0.4786053882725832,