{
    "model": "finiteautomata/robertuito-base-uncased",
    "lang": "es",
    "train_args": {
        "epochs": 5,
        "batch_size": 32,
        "eval_batch_size": 16,
        "warmup_ratio": 0.1,
        "limit": null,
        "task_b": true,
        "metric_for_best_model": "emr",
        "hierarchical": true,
        "gamma": 0.1
    },
    "evaluations": {
        "hate_speech": [
            {
                "eval_loss": 19.576234817504883,
                "eval_hs_f1": 0.7745030843043181,
                "eval_hs_precision": 0.7071339173967459,
                "eval_hs_recall": 0.8560606060606061,
                "eval_tr_f1": 0.8085612366230678,
                "eval_tr_precision": 0.8133971291866029,
                "eval_tr_recall": 0.8037825059101655,
                "eval_ag_f1": 0.6661143330571665,
                "eval_ag_precision": 0.548431105047749,
                "eval_ag_recall": 0.8481012658227848,
                "eval_macro_hs_f1_score": 0.7927656145243589,
                "eval_emr_no_gating": 0.678125,
                "eval_emr": 0.690625,
                "eval_macro_f1": 0.7497262358665466,
                "eval_macro_precision": 0.6896540522575378,
                "eval_macro_recall": 0.835981547832489,
                "eval_runtime": 3.1926,
                "eval_samples_per_second": 501.153,
                "eval_steps_per_second": 31.322,
                "epoch": 5.0
            },
            {
                "eval_loss": 18.901771545410156,
                "eval_hs_f1": 0.7587752053771472,
                "eval_hs_precision": 0.748159057437408,
                "eval_hs_recall": 0.7696969696969697,
                "eval_tr_f1": 0.7894736842105262,
                "eval_tr_precision": 0.84,
                "eval_tr_recall": 0.7446808510638298,
                "eval_ag_f1": 0.6752058554437328,
                "eval_ag_precision": 0.5961227786752827,
                "eval_ag_recall": 0.7784810126582279,
                "eval_macro_hs_f1_score": 0.7926063023124317,
                "eval_emr_no_gating": 0.69625,
                "eval_emr": 0.705,
                "eval_macro_f1": 0.7411516308784485,
                "eval_macro_precision": 0.7280939221382141,
                "eval_macro_recall": 0.7642862796783447,
                "eval_runtime": 3.4149,
                "eval_samples_per_second": 468.53,
                "eval_steps_per_second": 29.283,
                "epoch": 5.0
            },
            {
                "eval_loss": 18.342430114746094,
                "eval_hs_f1": 0.756717501815541,
                "eval_hs_precision": 0.7266387726638772,
                "eval_hs_recall": 0.7893939393939394,
                "eval_tr_f1": 0.7884856070087609,
                "eval_tr_precision": 0.8377659574468085,
                "eval_tr_recall": 0.7446808510638298,
                "eval_ag_f1": 0.6696428571428571,
                "eval_ag_precision": 0.5804953560371517,
                "eval_ag_recall": 0.7911392405063291,
                "eval_macro_hs_f1_score": 0.7864772369198385,
                "eval_emr_no_gating": 0.684375,
                "eval_emr": 0.69375,
                "eval_macro_f1": 0.7382819652557373,
                "eval_macro_precision": 0.7149667143821716,
                "eval_macro_recall": 0.7750713229179382,
                "eval_runtime": 3.2714,
                "eval_samples_per_second": 489.082,
                "eval_steps_per_second": 30.568,
                "epoch": 5.0
            },
            {
                "eval_loss": 17.497289657592773,
                "eval_hs_f1": 0.7715736040609137,
                "eval_hs_precision": 0.7399165507649513,
                "eval_hs_recall": 0.806060606060606,
                "eval_tr_f1": 0.7944862155388471,
                "eval_tr_precision": 0.8453333333333334,
                "eval_tr_recall": 0.7494089834515366,
                "eval_ag_f1": 0.6793478260869565,
                "eval_ag_precision": 0.5952380952380952,
                "eval_ag_recall": 0.7911392405063291,
                "eval_macro_hs_f1_score": 0.7992958629859758,
                "eval_emr_no_gating": 0.689375,
                "eval_emr": 0.700625,
                "eval_macro_f1": 0.7484691739082336,
                "eval_macro_precision": 0.7268293499946594,
                "eval_macro_recall": 0.7822028994560242,
                "eval_runtime": 3.4827,
                "eval_samples_per_second": 459.419,
                "eval_steps_per_second": 28.714,
                "epoch": 5.0
            },
            {
                "eval_loss": 17.546396255493164,
                "eval_hs_f1": 0.7806691449814126,
                "eval_hs_precision": 0.7664233576642335,
                "eval_hs_recall": 0.7954545454545454,
                "eval_tr_f1": 0.8177339901477834,
                "eval_tr_precision": 0.8534704370179949,
                "eval_tr_recall": 0.7848699763593381,
                "eval_ag_f1": 0.6943942133815552,
                "eval_ag_precision": 0.6075949367088608,
                "eval_ag_recall": 0.810126582278481,
                "eval_macro_hs_f1_score": 0.8108197476928627,
                "eval_emr_no_gating": 0.703125,
                "eval_emr": 0.719375,
                "eval_macro_f1": 0.7642658352851868,
                "eval_macro_precision": 0.7424962520599365,
                "eval_macro_recall": 0.7968170642852783,
                "eval_runtime": 3.4398,
                "eval_samples_per_second": 465.14,
                "eval_steps_per_second": 29.071,
                "epoch": 5.0
            },
            {
                "eval_loss": 18.659290313720703,
                "eval_hs_f1": 0.7575522850503486,
                "eval_hs_precision": 0.7749603803486529,
                "eval_hs_recall": 0.740909090909091,
                "eval_tr_f1": 0.7929292929292929,
                "eval_tr_precision": 0.8509485094850948,
                "eval_tr_recall": 0.7423167848699763,
                "eval_ag_f1": 0.6869647954329211,
                "eval_ag_precision": 0.6256499133448874,
                "eval_ag_recall": 0.7616033755274262,
                "eval_macro_hs_f1_score": 0.79679604823497,
                "eval_emr_no_gating": 0.7075,
                "eval_emr": 0.718125,
                "eval_macro_f1": 0.7458154559135437,
                "eval_macro_precision": 0.7505195736885071,
                "eval_macro_recall": 0.74827641248703,
                "eval_runtime": 3.4409,
                "eval_samples_per_second": 464.998,
                "eval_steps_per_second": 29.062,
                "epoch": 5.0
            },
            {
                "eval_loss": 13.908281326293945,
                "eval_hs_f1": 0.7027027027027025,
                "eval_hs_precision": 0.7938931297709924,
                "eval_hs_recall": 0.6303030303030303,
                "eval_tr_f1": 0.7818831942789033,
                "eval_tr_precision": 0.7884615384615384,
                "eval_tr_recall": 0.7754137115839244,
                "eval_ag_f1": 0.6948640483383686,
                "eval_ag_precision": 0.6647398843930635,
                "eval_ag_recall": 0.7278481012658228,
                "eval_macro_hs_f1_score": 0.7640497640497639,
                "eval_emr_no_gating": 0.67875,
                "eval_emr": 0.723125,
                "eval_macro_f1": 0.7264833450317383,
                "eval_macro_precision": 0.7490315437316895,
                "eval_macro_recall": 0.7111882567405701,
                "eval_runtime": 3.4922,
                "eval_samples_per_second": 458.157,
                "eval_steps_per_second": 28.635,
                "epoch": 5.0
            },
            {
                "eval_loss": 19.065977096557617,
                "eval_hs_f1": 0.759825327510917,
                "eval_hs_precision": 0.7310924369747899,
                "eval_hs_recall": 0.7909090909090909,
                "eval_tr_f1": 0.7936893203883495,