{
    "model": "finiteautomata/robertuito-base-uncased",
    "lang": "es",
    "train_args": {
        "epochs": 5,
        "batch_size": 32,
        "eval_batch_size": 16,
        "warmup_ratio": 0.1,
        "limit": null,
        "task_b": true,
        "metric_for_best_model": "emr",
        "hierarchical": true,
        "gamma": 0
    },
    "evaluations": {
        "hate_speech": [
            {
                "eval_loss": 16.138269424438477,
                "eval_hs_f1": 0.7604976671850701,
                "eval_hs_precision": 0.7811501597444089,
                "eval_hs_recall": 0.740909090909091,
                "eval_tr_f1": 0.8004956629491946,
                "eval_tr_precision": 0.8411458333333334,
                "eval_tr_recall": 0.7635933806146572,
                "eval_ag_f1": 0.6938775510204083,
                "eval_ag_precision": 0.6192052980132451,
                "eval_ag_recall": 0.7890295358649789,
                "eval_macro_hs_f1_score": 0.7997890634775926,
                "eval_emr_no_gating": 0.365625,
                "eval_emr": 0.72875,
                "eval_macro_f1": 0.7516236305236816,
                "eval_macro_precision": 0.7471671104431152,
                "eval_macro_recall": 0.7645106911659241,
                "eval_runtime": 3.2071,
                "eval_samples_per_second": 498.898,
                "eval_steps_per_second": 31.181,
                "epoch": 5.0
            },
            {
                "eval_loss": 16.164216995239258,
                "eval_hs_f1": 0.7543307086614173,
                "eval_hs_precision": 0.7852459016393443,
                "eval_hs_recall": 0.7257575757575757,
                "eval_tr_f1": 0.7946537059538276,
                "eval_tr_precision": 0.8175,
                "eval_tr_recall": 0.7730496453900709,
                "eval_ag_f1": 0.6772388059701493,
                "eval_ag_precision": 0.6070234113712375,
                "eval_ag_recall": 0.7658227848101266,
                "eval_macro_hs_f1_score": 0.7963363387866673,
                "eval_emr_no_gating": 0.39625,
                "eval_emr": 0.724375,
                "eval_macro_f1": 0.7420744299888611,
                "eval_macro_precision": 0.7365897297859192,
                "eval_macro_recall": 0.7548766136169434,
                "eval_runtime": 3.2992,
                "eval_samples_per_second": 484.964,
                "eval_steps_per_second": 30.31,
                "epoch": 5.0
            },
            {
                "eval_loss": 12.614130973815918,
                "eval_hs_f1": 0.7830253251197811,
                "eval_hs_precision": 0.714107365792759,
                "eval_hs_recall": 0.8666666666666667,
                "eval_tr_f1": 0.8141809290953547,
                "eval_tr_precision": 0.8430379746835444,
                "eval_tr_recall": 0.7872340425531915,
                "eval_ag_f1": 0.6783919597989949,
                "eval_ag_precision": 0.5625,
                "eval_ag_recall": 0.8544303797468354,
                "eval_macro_hs_f1_score": 0.8003683267347037,
                "eval_emr_no_gating": 0.3825,
                "eval_emr": 0.691875,
                "eval_macro_f1": 0.758532702922821,
                "eval_macro_precision": 0.7065484523773193,
                "eval_macro_recall": 0.8361103534698486,
                "eval_runtime": 3.2904,
                "eval_samples_per_second": 486.26,
                "eval_steps_per_second": 30.391,
                "epoch": 5.0
            },
            {
                "eval_loss": 16.078577041625977,
                "eval_hs_f1": 0.7648351648351648,
                "eval_hs_precision": 0.7404255319148936,
                "eval_hs_recall": 0.7909090909090909,
                "eval_tr_f1": 0.8019323671497586,
                "eval_tr_precision": 0.8197530864197531,
                "eval_tr_recall": 0.7848699763593381,
                "eval_ag_f1": 0.6795434591747146,
                "eval_ag_precision": 0.5819548872180451,
                "eval_ag_recall": 0.8164556962025317,
                "eval_macro_hs_f1_score": 0.7949516423630865,
                "eval_emr_no_gating": 0.440625,
                "eval_emr": 0.71,
                "eval_macro_f1": 0.7487702965736389,
                "eval_macro_precision": 0.7140445113182068,
                "eval_macro_recall": 0.7974116206169128,
                "eval_runtime": 3.3919,
                "eval_samples_per_second": 471.708,
                "eval_steps_per_second": 29.482,
                "epoch": 5.0
            },
            {
                "eval_loss": 16.427146911621094,
                "eval_hs_f1": 0.761977186311787,
                "eval_hs_precision": 0.7648854961832061,
                "eval_hs_recall": 0.759090909090909,
                "eval_tr_f1": 0.7922235722964763,
                "eval_tr_precision": 0.815,
                "eval_tr_recall": 0.7706855791962175,
                "eval_ag_f1": 0.679245283018868,
                "eval_ag_precision": 0.5915492957746479,
                "eval_ag_recall": 0.7974683544303798,
                "eval_macro_hs_f1_score": 0.7979647204768485,
                "eval_emr_no_gating": 0.385,
                "eval_emr": 0.718125,
                "eval_macro_f1": 0.7444820404052734,
                "eval_macro_precision": 0.7238116264343262,
                "eval_macro_recall": 0.7757482528686523,
                "eval_runtime": 3.3356,
                "eval_samples_per_second": 479.675,
                "eval_steps_per_second": 29.98,
                "epoch": 5.0
            },
            {
                "eval_loss": 18.404356002807617,
                "eval_hs_f1": 0.781922525107604,
                "eval_hs_precision": 0.7425068119891008,
                "eval_hs_recall": 0.8257575757575758,
                "eval_tr_f1": 0.8127208480565371,
                "eval_tr_precision": 0.8098591549295775,
                "eval_tr_recall": 0.8156028368794326,
                "eval_ag_f1": 0.721554116558742,
                "eval_ag_precision": 0.642504118616145,
                "eval_ag_recall": 0.8227848101265823,
                "eval_macro_hs_f1_score": 0.8067973644364155,
                "eval_emr_no_gating": 0.47,
                "eval_emr": 0.7175,
                "eval_macro_f1": 0.7720658183097839,
                "eval_macro_precision": 0.7316233515739441,
                "eval_macro_recall": 0.8213817477226257,
                "eval_runtime": 3.2591,
                "eval_samples_per_second": 490.936,
                "eval_steps_per_second": 30.684,
                "epoch": 5.0
            },
            {
                "eval_loss": 18.348556518554688,
                "eval_hs_f1": 0.7808022922636103,
                "eval_hs_precision": 0.7404891304347826,
                "eval_hs_recall": 0.8257575757575758,
                "eval_tr_f1": 0.8197879858657243,
                "eval_tr_precision": 0.8169014084507042,
                "eval_tr_recall": 0.8226950354609929,
                "eval_ag_f1": 0.7343895619757689,
                "eval_ag_precision": 0.657762938230384,
                "eval_ag_recall": 0.8312236286919831,
                "eval_macro_hs_f1_score": 0.805589616198324,
                "eval_emr_no_gating": 0.494375,
                "eval_emr": 0.7225,
                "eval_macro_f1": 0.7783265709877014,
                "eval_macro_precision": 0.738384485244751,
                "eval_macro_recall": 0.8265587687492371,
                "eval_runtime": 3.4989,
                "eval_samples_per_second": 457.282,
                "eval_steps_per_second": 28.58,
                "epoch": 5.0
            },
            {
                "eval_loss": 15.793535232543945,
                "eval_hs_f1": 0.7764876632801161,
                "eval_hs_precision": 0.745125348189415,
                "eval_hs_recall": 0.8106060606060606,
                "eval_tr_f1": 0.8072289156626506,
                "eval_tr_precision": 0.8230958230958231,