{
    "model": "finiteautomata/robertuito-base-uncased",
    "lang": "es",
    "train_args": {
        "epochs": 5,
        "batch_size": 32,
        "eval_batch_size": 16,
        "warmup_ratio": 0.1,
        "limit": null,
        "task_b": true,
        "metric_for_best_model": "emr"
    },
    "evaluations": {
        "hate_speech": [
            {
                "eval_loss": 0.4810127913951874,
                "eval_hs_f1": 0.7763649962602842,
                "eval_hs_precision": 0.7666174298375185,
                "eval_hs_recall": 0.7863636363636364,
                "eval_tr_f1": 0.7814569536423841,
                "eval_tr_precision": 0.8885542168674698,
                "eval_tr_recall": 0.6973995271867612,
                "eval_ag_f1": 0.6804326450344148,
                "eval_ag_precision": 0.6372007366482505,
                "eval_ag_recall": 0.729957805907173,
                "eval_macro_hs_f1_score": 0.8079355845498952,
                "eval_emr_no_gating": 0.709375,
                "eval_emr": 0.71,
                "eval_macro_f1": 0.7460848689079285,
                "eval_macro_precision": 0.7641240954399109,
                "eval_macro_recall": 0.7379069924354553,
                "eval_runtime": 3.1964,
                "eval_samples_per_second": 500.563,
                "eval_steps_per_second": 31.285,
                "epoch": 5.0
            },
            {
                "eval_loss": 0.49281200766563416,
                "eval_hs_f1": 0.7729257641921397,
                "eval_hs_precision": 0.7436974789915967,
                "eval_hs_recall": 0.8045454545454546,
                "eval_tr_f1": 0.7894736842105262,
                "eval_tr_precision": 0.84,
                "eval_tr_recall": 0.7446808510638298,
                "eval_ag_f1": 0.6907706945765937,
                "eval_ag_precision": 0.6291161178509532,
                "eval_ag_recall": 0.7658227848101266,
                "eval_macro_hs_f1_score": 0.8010302424465626,
                "eval_emr_no_gating": 0.701875,
                "eval_emr": 0.701875,
                "eval_macro_f1": 0.7510566711425781,
                "eval_macro_precision": 0.737604558467865,
                "eval_macro_recall": 0.7716830372810364,
                "eval_runtime": 3.191,
                "eval_samples_per_second": 501.414,
                "eval_steps_per_second": 31.338,
                "epoch": 5.0
            },
            {
                "eval_loss": 0.4686618149280548,
                "eval_hs_f1": 0.7698170731707318,
                "eval_hs_precision": 0.7745398773006135,
                "eval_hs_recall": 0.7651515151515151,
                "eval_tr_f1": 0.7906371911573472,
                "eval_tr_precision": 0.8786127167630058,
                "eval_tr_recall": 0.7186761229314421,
                "eval_ag_f1": 0.7040498442367601,
                "eval_ag_precision": 0.6932515337423313,
                "eval_ag_recall": 0.7151898734177216,
                "eval_macro_hs_f1_score": 0.8049297230260439,
                "eval_emr_no_gating": 0.716875,
                "eval_emr": 0.716875,
                "eval_macro_f1": 0.7548346519470215,
                "eval_macro_precision": 0.7821347117424011,
                "eval_macro_recall": 0.7330058217048645,
                "eval_runtime": 3.1838,
                "eval_samples_per_second": 502.541,
                "eval_steps_per_second": 31.409,
                "epoch": 5.0
            },
            {
                "eval_loss": 0.4856613576412201,
                "eval_hs_f1": 0.762902019446522,
                "eval_hs_precision": 0.7533234859675036,
                "eval_hs_recall": 0.7727272727272727,
                "eval_tr_f1": 0.795,
                "eval_tr_precision": 0.843501326259947,
                "eval_tr_recall": 0.75177304964539,
                "eval_ag_f1": 0.696078431372549,
                "eval_ag_precision": 0.6501831501831502,
                "eval_ag_recall": 0.7489451476793249,
                "eval_macro_hs_f1_score": 0.796373178268618,
                "eval_emr_no_gating": 0.70625,
                "eval_emr": 0.70625,
                "eval_macro_f1": 0.751326858997345,
                "eval_macro_precision": 0.7490026950836182,
                "eval_macro_recall": 0.7578151822090149,
                "eval_runtime": 3.1845,
                "eval_samples_per_second": 502.428,
                "eval_steps_per_second": 31.402,
                "epoch": 5.0
            },
            {
                "eval_loss": 0.494620144367218,
                "eval_hs_f1": 0.7760758570386579,
                "eval_hs_precision": 0.7482419127988749,
                "eval_hs_recall": 0.806060606060606,
                "eval_tr_f1": 0.7712765957446808,
                "eval_tr_precision": 0.8814589665653495,
                "eval_tr_recall": 0.6855791962174941,
                "eval_ag_f1": 0.6837438423645321,
                "eval_ag_precision": 0.6414048059149723,
                "eval_ag_recall": 0.7320675105485233,
                "eval_macro_hs_f1_score": 0.8041122860917729,
                "eval_emr_no_gating": 0.698125,
                "eval_emr": 0.698125,
                "eval_macro_f1": 0.74369877576828,
                "eval_macro_precision": 0.7570352554321289,
                "eval_macro_recall": 0.7412357926368713,
                "eval_runtime": 3.1896,
                "eval_samples_per_second": 501.624,
                "eval_steps_per_second": 31.351,
                "epoch": 5.0
            },
            {
                "eval_loss": 0.39347580075263977,
                "eval_hs_f1": 0.7048092868988393,
                "eval_hs_precision": 0.7783882783882784,
                "eval_hs_recall": 0.6439393939393939,
                "eval_tr_f1": 0.7972665148063782,
                "eval_tr_precision": 0.7692307692307693,
                "eval_tr_recall": 0.8274231678486997,
                "eval_ag_f1": 0.6967471143756557,
                "eval_ag_precision": 0.6931106471816284,
                "eval_ag_recall": 0.70042194092827,
                "eval_macro_hs_f1_score": 0.7631368400391889,
                "eval_emr_no_gating": 0.718125,
                "eval_emr": 0.71875,
                "eval_macro_f1": 0.7329409718513489,
                "eval_macro_precision": 0.7469099164009094,
                "eval_macro_recall": 0.7239281535148621,
                "eval_runtime": 3.1771,
                "eval_samples_per_second": 503.599,
                "eval_steps_per_second": 31.475,
                "epoch": 5.0
            },
            {
                "eval_loss": 0.49344661831855774,
                "eval_hs_f1": 0.7799283154121863,
                "eval_hs_precision": 0.7401360544217687,
                "eval_hs_recall": 0.8242424242424242,
                "eval_tr_f1": 0.8199513381995134,
                "eval_tr_precision": 0.8446115288220551,
                "eval_tr_recall": 0.7966903073286052,
                "eval_ag_f1": 0.7198404785643071,
                "eval_ag_precision": 0.6824196597353497,
                "eval_ag_recall": 0.7616033755274262,
                "eval_macro_hs_f1_score": 0.8049226064595558,
                "eval_emr_no_gating": 0.70375,
                "eval_emr": 0.704375,
                "eval_macro_f1": 0.7732400894165039,
                "eval_macro_precision": 0.7557223439216614,
                "eval_macro_recall": 0.7941786646842957,
                "eval_runtime": 3.1795,
                "eval_samples_per_second": 503.23,
                "eval_steps_per_second": 31.452,
                "epoch": 5.0
            },
            {
                "eval_loss": 0.5091918706893921,
                "eval_hs_f1": 0.7612612612612614,
                "eval_hs_precision": 0.7544642857142857,
                "eval_hs_recall": 0.7681818181818182,
                "eval_tr_f1": 0.7736842105263158,
                "eval_tr_precision": 0.8724035608308606,