{
    "model": "finiteautomata/robertuito-base-uncased",
    "lang": "es",
    "train_args": {
        "epochs": 5,
        "batch_size": 32,
        "eval_batch_size": 16,
        "warmup_ratio": 0.1,
        "limit": null,
        "task_b": true,
        "metric_for_best_model": "emr",
        "combinatorial": true
    },
    "evaluations": {
        "hate_speech": [
            {
                "eval_loss": 1.0539848804473877,
                "eval_hs_f1": 0.7782805429864253,
                "eval_hs_precision": 0.7747747747747747,
                "eval_hs_recall": 0.7818181818181819,
                "eval_tr_f1": 0.819277108433735,
                "eval_tr_precision": 0.8353808353808354,
                "eval_tr_recall": 0.8037825059101655,
                "eval_ag_f1": 0.7171903881700554,
                "eval_ag_precision": 0.6381578947368421,
                "eval_ag_recall": 0.8185654008438819,
                "eval_macro_hs_f1_score": 0.810698435847535,
                "eval_emr_no_gating": 0.73375,
                "eval_emr": 0.73375,
                "eval_macro_f1": 0.7715826630592346,
                "eval_macro_precision": 0.7494378089904785,
                "eval_macro_recall": 0.8013887405395508,
                "eval_runtime": 3.1884,
                "eval_samples_per_second": 501.816,
                "eval_steps_per_second": 31.363,
                "epoch": 5.0
            },
            {
                "eval_loss": 1.0051630735397339,
                "eval_hs_f1": 0.7716186252771619,
                "eval_hs_precision": 0.7532467532467533,
                "eval_hs_recall": 0.7909090909090909,
                "eval_tr_f1": 0.796044499381953,
                "eval_tr_precision": 0.8341968911917098,
                "eval_tr_recall": 0.7612293144208038,
                "eval_ag_f1": 0.6701208981001727,
                "eval_ag_precision": 0.5672514619883041,
                "eval_ag_recall": 0.8185654008438819,
                "eval_macro_hs_f1_score": 0.8021601518372816,
                "eval_emr_no_gating": 0.709375,
                "eval_emr": 0.709375,
                "eval_macro_f1": 0.7459280490875244,
                "eval_macro_precision": 0.7182316780090332,
                "eval_macro_recall": 0.7902346253395081,
                "eval_runtime": 3.1726,
                "eval_samples_per_second": 504.313,
                "eval_steps_per_second": 31.52,
                "epoch": 5.0
            },
            {
                "eval_loss": 0.9628192186355591,
                "eval_hs_f1": 0.7712318286151493,
                "eval_hs_precision": 0.7789799072642968,
                "eval_hs_recall": 0.7636363636363637,
                "eval_tr_f1": 0.8130277442702052,
                "eval_tr_precision": 0.8300492610837439,
                "eval_tr_recall": 0.7966903073286052,
                "eval_ag_f1": 0.6920289855072463,
                "eval_ag_precision": 0.6063492063492063,
                "eval_ag_recall": 0.8059071729957806,
                "eval_macro_hs_f1_score": 0.8066407426224188,
                "eval_emr_no_gating": 0.728125,
                "eval_emr": 0.728125,
                "eval_macro_f1": 0.7587628364562988,
                "eval_macro_precision": 0.7384594082832336,
                "eval_macro_recall": 0.7887446284294128,
                "eval_runtime": 3.1947,
                "eval_samples_per_second": 500.833,
                "eval_steps_per_second": 31.302,
                "epoch": 5.0
            },
            {
                "eval_loss": 0.9690789580345154,
                "eval_hs_f1": 0.7622047244094488,
                "eval_hs_precision": 0.7934426229508197,
                "eval_hs_recall": 0.7333333333333333,
                "eval_tr_f1": 0.8068880688806889,
                "eval_tr_precision": 0.841025641025641,
                "eval_tr_recall": 0.7754137115839244,
                "eval_ag_f1": 0.6872082166199813,
                "eval_ag_precision": 0.6164154103852596,
                "eval_ag_recall": 0.7763713080168776,
                "eval_macro_hs_f1_score": 0.8028640202358124,
                "eval_emr_no_gating": 0.73125,
                "eval_emr": 0.73125,
                "eval_macro_f1": 0.7521002888679504,
                "eval_macro_precision": 0.7502945065498352,
                "eval_macro_recall": 0.7617061138153076,
                "eval_runtime": 3.1971,
                "eval_samples_per_second": 500.454,
                "eval_steps_per_second": 31.278,
                "epoch": 5.0
            },
            {
                "eval_loss": 0.7869369387626648,
                "eval_hs_f1": 0.7764371894960965,
                "eval_hs_precision": 0.7303070761014686,
                "eval_hs_recall": 0.8287878787878787,
                "eval_tr_f1": 0.8167664670658684,
                "eval_tr_precision": 0.8276699029126213,
                "eval_tr_recall": 0.806146572104019,
                "eval_ag_f1": 0.7050359712230215,
                "eval_ag_precision": 0.6144200626959248,
                "eval_ag_recall": 0.8270042194092827,
                "eval_macro_hs_f1_score": 0.8002788962555859,
                "eval_emr_no_gating": 0.709375,
                "eval_emr": 0.709375,
                "eval_macro_f1": 0.766079843044281,
                "eval_macro_precision": 0.7241323590278625,
                "eval_macro_recall": 0.8206462264060974,
                "eval_runtime": 3.1816,
                "eval_samples_per_second": 502.897,
                "eval_steps_per_second": 31.431,
                "epoch": 5.0
            },
            {
                "eval_loss": 0.9793641567230225,
                "eval_hs_f1": 0.7624309392265193,
                "eval_hs_precision": 0.7957166392092258,
                "eval_hs_recall": 0.7318181818181818,
                "eval_tr_f1": 0.7980173482032218,
                "eval_tr_precision": 0.8385416666666666,
                "eval_tr_recall": 0.7612293144208038,
                "eval_ag_f1": 0.6968838526912181,
                "eval_ag_precision": 0.6307692307692307,
                "eval_ag_recall": 0.7784810126582279,
                "eval_macro_hs_f1_score": 0.8033572181906006,
                "eval_emr_no_gating": 0.731875,
                "eval_emr": 0.731875,
                "eval_macro_f1": 0.7524440288543701,
                "eval_macro_precision": 0.7550091743469238,
                "eval_macro_recall": 0.7571761608123779,
                "eval_runtime": 3.1417,
                "eval_samples_per_second": 509.286,
                "eval_steps_per_second": 31.83,
                "epoch": 5.0
            },
            {
                "eval_loss": 0.9674524068832397,
                "eval_hs_f1": 0.7753236862147753,
                "eval_hs_precision": 0.77947932618683,
                "eval_hs_recall": 0.7712121212121212,
                "eval_tr_f1": 0.8101571946795647,
                "eval_tr_precision": 0.8292079207920792,
                "eval_tr_recall": 0.7919621749408984,
                "eval_ag_f1": 0.6950226244343891,
                "eval_ag_precision": 0.6085578446909667,
                "eval_ag_recall": 0.810126582278481,
                "eval_macro_hs_f1_score": 0.8094954414115743,
                "eval_emr_no_gating": 0.729375,
                "eval_emr": 0.729375,
                "eval_macro_f1": 0.7601678371429443,
                "eval_macro_precision": 0.7390816807746887,
                "eval_macro_recall": 0.791100263595581,
                "eval_runtime": 3.1532,
                "eval_samples_per_second": 507.429,
                "eval_steps_per_second": 31.714,
                "epoch": 5.0
            },
            {
                "eval_loss": 1.0364402532577515,
                "eval_hs_f1": 0.7561556791104052,
                "eval_hs_precision": 0.7946577629382304,
                "eval_hs_recall": 0.7212121212121212,
                "eval_tr_f1": 0.7895392278953921,