{
    "model": "roberta-base",
    "lang": "en",
    "train_args": {
        "epochs": 5,
        "batch_size": 32,
        "eval_batch_size": 16,
        "warmup_ratio": 0.1,
        "limit": null,
        "task_b": true,
        "metric_for_best_model": "emr",
        "hierarchical": true,
        "gamma": 0.2
    },
    "evaluations": {
        "hate_speech": [
            {
                "eval_loss": 40.497032165527344,
                "eval_hs_f1": 0.6341589267285862,
                "eval_hs_precision": 0.46980122324159024,
                "eval_hs_recall": 0.9753968253968254,
                "eval_tr_f1": 0.5656050955414013,
                "eval_tr_precision": 0.4265129682997118,
                "eval_tr_recall": 0.8393194706994329,
                "eval_ag_f1": 0.4538386783284743,
                "eval_ag_precision": 0.31898907103825136,
                "eval_ag_recall": 0.7861952861952862,
                "eval_macro_hs_f1_score": 0.4832753202381161,
                "eval_emr_no_gating": 0.34933333333333333,
                "eval_emr": 0.35933333333333334,
                "eval_macro_f1": 0.5512009263038635,
                "eval_macro_precision": 0.40510106086730957,
                "eval_macro_recall": 0.8669705390930176,
                "eval_runtime": 6.6473,
                "eval_samples_per_second": 451.308,
                "eval_steps_per_second": 28.282,
                "epoch": 5.0
            },
            {
                "eval_loss": 42.56602478027344,
                "eval_hs_f1": 0.6377485153627679,
                "eval_hs_precision": 0.472636815920398,
                "eval_hs_recall": 0.9801587301587301,
                "eval_tr_f1": 0.572155117609663,
                "eval_tr_precision": 0.43103448275862066,
                "eval_tr_recall": 0.8506616257088847,
                "eval_ag_f1": 0.45235803657362855,
                "eval_ag_precision": 0.316711590296496,
                "eval_ag_recall": 0.7912457912457912,
                "eval_macro_hs_f1_score": 0.48906701743690817,
                "eval_emr_no_gating": 0.36233333333333334,
                "eval_emr": 0.37366666666666665,
                "eval_macro_f1": 0.554087221622467,
                "eval_macro_precision": 0.40679430961608887,
                "eval_macro_recall": 0.8740220069885254,
                "eval_runtime": 6.7017,
                "eval_samples_per_second": 447.651,
                "eval_steps_per_second": 28.053,
                "epoch": 5.0
            },
            {
                "eval_loss": 39.6083869934082,
                "eval_hs_f1": 0.638651102464332,
                "eval_hs_precision": 0.474373795761079,
                "eval_hs_recall": 0.976984126984127,
                "eval_tr_f1": 0.5813366960907944,
                "eval_tr_precision": 0.43614001892147586,
                "eval_tr_recall": 0.8714555765595463,
                "eval_ag_f1": 0.46414342629482064,
                "eval_ag_precision": 0.32956152758132956,
                "eval_ag_recall": 0.7845117845117845,
                "eval_macro_hs_f1_score": 0.4946169265235413,
                "eval_emr_no_gating": 0.362,
                "eval_emr": 0.373,
                "eval_macro_f1": 0.5613770484924316,
                "eval_macro_precision": 0.4133584499359131,
                "eval_macro_recall": 0.8776504993438721,
                "eval_runtime": 6.93,
                "eval_samples_per_second": 432.899,
                "eval_steps_per_second": 27.128,
                "epoch": 5.0
            },
            {
                "eval_loss": 40.60111999511719,
                "eval_hs_f1": 0.6399790685504971,
                "eval_hs_precision": 0.4773614363778298,
                "eval_hs_recall": 0.9706349206349206,
                "eval_tr_f1": 0.5768229166666666,
                "eval_tr_precision": 0.4399205561072492,
                "eval_tr_recall": 0.8374291115311909,
                "eval_ag_f1": 0.45859872611464975,
                "eval_ag_precision": 0.3234277816171389,
                "eval_ag_recall": 0.7878787878787878,
                "eval_macro_hs_f1_score": 0.5041034002072964,
                "eval_emr_no_gating": 0.37033333333333335,
                "eval_emr": 0.37933333333333336,
                "eval_macro_f1": 0.558466911315918,
                "eval_macro_precision": 0.41356992721557617,
                "eval_macro_recall": 0.865314245223999,
                "eval_runtime": 6.7924,
                "eval_samples_per_second": 441.669,
                "eval_steps_per_second": 27.678,
                "epoch": 5.0
            },
            {
                "eval_loss": 41.07775115966797,
                "eval_hs_f1": 0.6398537477148081,
                "eval_hs_precision": 0.4768392370572207,
                "eval_hs_recall": 0.9722222222222222,
                "eval_tr_f1": 0.5708860759493671,
                "eval_tr_precision": 0.4291151284490961,
                "eval_tr_recall": 0.8525519848771267,
                "eval_ag_f1": 0.453740157480315,
                "eval_ag_precision": 0.32058414464534074,
                "eval_ag_recall": 0.7760942760942761,
                "eval_macro_hs_f1_score": 0.502331295782784,
                "eval_emr_no_gating": 0.36733333333333335,
                "eval_emr": 0.37833333333333335,
                "eval_macro_f1": 0.5548266768455505,
                "eval_macro_precision": 0.4088461697101593,
                "eval_macro_recall": 0.8669561743736267,
                "eval_runtime": 6.6965,
                "eval_samples_per_second": 447.994,
                "eval_steps_per_second": 28.074,
                "epoch": 5.0
            },
            {
                "eval_loss": 41.534847259521484,
                "eval_hs_f1": 0.6404377279833247,
                "eval_hs_precision": 0.47672614429790533,
                "eval_hs_recall": 0.9753968253968254,
                "eval_tr_f1": 0.5784061696658097,
                "eval_tr_precision": 0.43816942551119764,
                "eval_tr_recall": 0.8506616257088847,
                "eval_ag_f1": 0.45120156939676315,
                "eval_ag_precision": 0.31833910034602075,
                "eval_ag_recall": 0.7744107744107744,
                "eval_macro_hs_f1_score": 0.5010699278214495,
                "eval_emr_no_gating": 0.369,
                "eval_emr": 0.37766666666666665,
                "eval_macro_f1": 0.5566818118095398,
                "eval_macro_precision": 0.41107821464538574,
                "eval_macro_recall": 0.8668230175971985,
                "eval_runtime": 6.8716,
                "eval_samples_per_second": 436.578,
                "eval_steps_per_second": 27.359,
                "epoch": 5.0
            },
            {
                "eval_loss": 40.875301361083984,
                "eval_hs_f1": 0.6368366285119667,
                "eval_hs_precision": 0.47368421052631576,
                "eval_hs_recall": 0.9714285714285714,
                "eval_tr_f1": 0.5730550284629982,
                "eval_tr_precision": 0.4306083650190114,
                "eval_tr_recall": 0.8563327032136105,
                "eval_ag_f1": 0.4598930481283422,
                "eval_ag_precision": 0.3233082706766917,
                "eval_ag_recall": 0.7962962962962963,
                "eval_macro_hs_f1_score": 0.4946706333654453,
                "eval_emr_no_gating": 0.3606666666666667,
                "eval_emr": 0.37333333333333335,
                "eval_macro_f1": 0.5565949082374573,
                "eval_macro_precision": 0.4092002809047699,
                "eval_macro_recall": 0.8746858239173889,
                "eval_runtime": 6.722,
                "eval_samples_per_second": 446.299,
                "eval_steps_per_second": 27.968,
                "epoch": 5.0
            },
            {
                "eval_loss": 41.29307556152344,
                "eval_hs_f1": 0.6324435318275153,
                "eval_hs_precision": 0.4673748103186646,