{
    "model": "roberta-base",
    "lang": "en",
    "train_args": {
        "epochs": 5,
        "batch_size": 32,
        "eval_batch_size": 16,
        "warmup_ratio": 0.1,
        "limit": null,
        "task_b": true,
        "metric_for_best_model": "emr"
    },
    "evaluations": {
        "hate_speech": [
            {
                "eval_loss": 0.9316399693489075,
                "eval_hs_f1": 0.6302003081664098,
                "eval_hs_precision": 0.46583143507972663,
                "eval_hs_recall": 0.9738095238095238,
                "eval_tr_f1": 0.5877300613496933,
                "eval_tr_precision": 0.43505903723887374,
                "eval_tr_recall": 0.9054820415879017,
                "eval_ag_f1": 0.44767714687939936,
                "eval_ag_precision": 0.3103448275862069,
                "eval_ag_recall": 0.803030303030303,
                "eval_macro_hs_f1_score": 0.473219812202863,
                "eval_emr_no_gating": 0.3526666666666667,
                "eval_emr": 0.3526666666666667,
                "eval_macro_f1": 0.5552024841308594,
                "eval_macro_precision": 0.4037450850009918,
                "eval_macro_recall": 0.8941072821617126,
                "eval_runtime": 6.9357,
                "eval_samples_per_second": 432.543,
                "eval_steps_per_second": 27.106,
                "epoch": 5.0
            },
            {
                "eval_loss": 1.103874683380127,
                "eval_hs_f1": 0.6303843177714727,
                "eval_hs_precision": 0.4669468857470386,
                "eval_hs_recall": 0.9698412698412698,
                "eval_tr_f1": 0.5807668133249528,
                "eval_tr_precision": 0.4350282485875706,
                "eval_tr_recall": 0.8733459357277883,
                "eval_ag_f1": 0.4567779960707269,
                "eval_ag_precision": 0.3224687933425798,
                "eval_ag_recall": 0.7828282828282829,
                "eval_macro_hs_f1_score": 0.4776980467802253,
                "eval_emr_no_gating": 0.3576666666666667,
                "eval_emr": 0.35833333333333334,
                "eval_macro_f1": 0.555976390838623,
                "eval_macro_precision": 0.4081479609012604,
                "eval_macro_recall": 0.8753384947776794,
                "eval_runtime": 6.7331,
                "eval_samples_per_second": 445.558,
                "eval_steps_per_second": 27.922,
                "epoch": 5.0
            },
            {
                "eval_loss": 1.0849913358688354,
                "eval_hs_f1": 0.6368831168831168,
                "eval_hs_precision": 0.47335907335907335,
                "eval_hs_recall": 0.973015873015873,
                "eval_tr_f1": 0.5806869734283863,
                "eval_tr_precision": 0.4418145956607495,
                "eval_tr_recall": 0.8468809073724007,
                "eval_ag_f1": 0.46486486486486484,
                "eval_ag_precision": 0.3282442748091603,
                "eval_ag_recall": 0.7962962962962963,
                "eval_macro_hs_f1_score": 0.49332527937179094,
                "eval_emr_no_gating": 0.372,
                "eval_emr": 0.37233333333333335,
                "eval_macro_f1": 0.5608116388320923,
                "eval_macro_precision": 0.41447266936302185,
                "eval_macro_recall": 0.8720643520355225,
                "eval_runtime": 6.6491,
                "eval_samples_per_second": 451.19,
                "eval_steps_per_second": 28.275,
                "epoch": 5.0
            },
            {
                "eval_loss": 1.046223759651184,
                "eval_hs_f1": 0.6394736842105263,
                "eval_hs_precision": 0.47834645669291337,
                "eval_hs_recall": 0.9642857142857143,
                "eval_tr_f1": 0.5805194805194805,
                "eval_tr_precision": 0.4421364985163205,
                "eval_tr_recall": 0.8449905482041588,
                "eval_ag_f1": 0.4542801556420234,
                "eval_ag_precision": 0.31942544459644323,
                "eval_ag_recall": 0.7861952861952862,
                "eval_macro_hs_f1_score": 0.5083732057416268,
                "eval_emr_no_gating": 0.37533333333333335,
                "eval_emr": 0.37666666666666665,
                "eval_macro_f1": 0.5580911040306091,
                "eval_macro_precision": 0.41330280900001526,
                "eval_macro_recall": 0.8651571869850159,
                "eval_runtime": 6.7821,
                "eval_samples_per_second": 442.34,
                "eval_steps_per_second": 27.72,
                "epoch": 5.0
            },
            {
                "eval_loss": 1.0911669731140137,
                "eval_hs_f1": 0.6363400051988563,
                "eval_hs_precision": 0.47313490529570934,
                "eval_hs_recall": 0.9714285714285714,
                "eval_tr_f1": 0.579654510556622,
                "eval_tr_precision": 0.4381044487427466,
                "eval_tr_recall": 0.8563327032136105,
                "eval_ag_f1": 0.46184145741014276,
                "eval_ag_precision": 0.32637439109255395,
                "eval_ag_recall": 0.7895622895622896,
                "eval_macro_hs_f1_score": 0.49327450794081223,
                "eval_emr_no_gating": 0.36933333333333335,
                "eval_emr": 0.37066666666666664,
                "eval_macro_f1": 0.559278666973114,
                "eval_macro_precision": 0.41253793239593506,
                "eval_macro_recall": 0.8724412322044373,
                "eval_runtime": 6.7631,
                "eval_samples_per_second": 443.583,
                "eval_steps_per_second": 27.798,
                "epoch": 5.0
            },
            {
                "eval_loss": 1.113356351852417,
                "eval_hs_f1": 0.6312258064516129,
                "eval_hs_precision": 0.4676864244741874,
                "eval_hs_recall": 0.9706349206349206,
                "eval_tr_f1": 0.5745222929936307,
                "eval_tr_precision": 0.4332372718539865,
                "eval_tr_recall": 0.8525519848771267,
                "eval_ag_f1": 0.44036697247706424,
                "eval_ag_precision": 0.3087339201083277,
                "eval_ag_recall": 0.7676767676767676,
                "eval_macro_hs_f1_score": 0.4793776091081594,
                "eval_emr_no_gating": 0.3576666666666667,
                "eval_emr": 0.35833333333333334,
                "eval_macro_f1": 0.5487050414085388,
                "eval_macro_precision": 0.40321922302246094,
                "eval_macro_recall": 0.8636212348937988,
                "eval_runtime": 6.8136,
                "eval_samples_per_second": 440.298,
                "eval_steps_per_second": 27.592,
                "epoch": 5.0
            },
            {
                "eval_loss": 1.0593631267547607,
                "eval_hs_f1": 0.6305748904356793,
                "eval_hs_precision": 0.4669721267659412,
                "eval_hs_recall": 0.9706349206349206,
                "eval_tr_f1": 0.5748730964467005,
                "eval_tr_precision": 0.4326647564469914,
                "eval_tr_recall": 0.8563327032136105,
                "eval_ag_f1": 0.45606907059421026,
                "eval_ag_precision": 0.3265454545454545,
                "eval_ag_recall": 0.7558922558922558,
                "eval_macro_hs_f1_score": 0.47747509255400183,
                "eval_emr_no_gating": 0.358,
                "eval_emr": 0.358,
                "eval_macro_f1": 0.5538390278816223,
                "eval_macro_precision": 0.4087274372577667,
                "eval_macro_recall": 0.8609533309936523,
                "eval_runtime": 6.9268,
                "eval_samples_per_second": 433.104,
                "eval_steps_per_second": 27.141,
                "epoch": 5.0
            },
            {
                "eval_loss": 1.0542726516723633,
                "eval_hs_f1": 0.6365054602184087,
                "eval_hs_precision": 0.4733178654292343,
                "eval_hs_recall": 0.9714285714285714,