{
    "model": "dccuchile/bert-base-spanish-wwm-uncased",
    "lang": "en",
    "train_args": {
        "epochs": 5,
        "batch_size": 32,
        "eval_batch_size": 16,
        "warmup_ratio": 0.1,
        "limit": null
    },
    "evaluations": {
        "hate_speech": [
            {
                "test_loss": 0.9956287145614624,
                "test_hs_f1": 0.6050830889540566,
                "test_hs_precision": 0.4371468926553672,
                "test_hs_recall": 0.9825396825396825,
                "test_tr_f1": 0.5519553072625698,
                "test_tr_precision": 0.3917525773195876,
                "test_tr_recall": 0.9338374291115312,
                "test_ag_f1": 0.42556917688266194,
                "test_ag_precision": 0.2875739644970414,
                "test_ag_recall": 0.8181818181818182,
                "test_macro_hs_f1_score": 0.37906146061958595,
                "test_emr_no_gating": 0.28,
                "test_emr": 0.2803333333333333,
                "test_macro_f1": 0.5275358557701111,
                "test_macro_precision": 0.3721578121185303,
                "test_macro_recall": 0.9115195870399475,
                "test_runtime": 8.2181,
                "test_samples_per_second": 365.048,
                "test_steps_per_second": 22.876
            },
            {
                "test_loss": 1.0201358795166016,
                "test_hs_f1": 0.6262833675564681,
                "test_hs_precision": 0.4628224582701062,
                "test_hs_recall": 0.9682539682539683,
                "test_tr_f1": 0.5869424692954105,
                "test_tr_precision": 0.44597249508840864,
                "test_tr_recall": 0.8582230623818525,
                "test_ag_f1": 0.4318766066838047,
                "test_ag_precision": 0.31088082901554404,
                "test_ag_recall": 0.7070707070707071,
                "test_macro_hs_f1_score": 0.46713407921549643,
                "test_emr_no_gating": 0.3456666666666667,
                "test_emr": 0.3456666666666667,
                "test_macro_f1": 0.5483675003051758,
                "test_macro_precision": 0.4065586030483246,
                "test_macro_recall": 0.8445159792900085,
                "test_runtime": 8.4103,
                "test_samples_per_second": 356.704,
                "test_steps_per_second": 22.353
            },
            {
                "test_loss": 1.0345243215560913,
                "test_hs_f1": 0.6191214470284238,
                "test_hs_precision": 0.4590038314176245,
                "test_hs_recall": 0.9507936507936507,
                "test_tr_f1": 0.5788113695090439,
                "test_tr_precision": 0.4396467124631992,
                "test_tr_recall": 0.8468809073724007,
                "test_ag_f1": 0.4334560757496054,
                "test_ag_precision": 0.3152257077276205,
                "test_ag_recall": 0.6936026936026936,
                "test_macro_hs_f1_score": 0.4635513338428504,
                "test_emr_no_gating": 0.34,
                "test_emr": 0.3423333333333333,
                "test_macro_f1": 0.5437962412834167,
                "test_macro_precision": 0.40462541580200195,
                "test_macro_recall": 0.8304257392883301,
                "test_runtime": 8.7492,
                "test_samples_per_second": 342.889,
                "test_steps_per_second": 21.488
            }
        ],
        "sentiment": [
            {
                "test_loss": 0.8801464438438416,
                "test_neg_f1": 0.6381687112684963,
                "test_neg_precision": 0.6411689961880559,
                "test_neg_recall": 0.6351963746223565,
                "test_neu_f1": 0.663427709834143,
                "test_neu_precision": 0.6598900183302783,
                "test_neu_recall": 0.6670035371399696,
                "test_pos_f1": 0.6288376032182935,
                "test_pos_precision": 0.6324531516183987,
                "test_pos_recall": 0.6252631578947369,
                "test_micro_f1": 0.6486486486486487,
                "test_acc": 0.6486486486486487,
                "test_macro_f1": 0.6434779763221741,
                "test_macro_precision": 0.6445040702819824,
                "test_macro_recall": 0.6424877047538757,
                "test_runtime": 21.5398,
                "test_samples_per_second": 570.292,
                "test_steps_per_second": 35.655
            },
            {
                "test_loss": 1.1089744567871094,
                "test_neg_f1": 0.6246769147054823,
                "test_neg_precision": 0.6794909736608464,
                "test_neg_recall": 0.5780463242698892,
                "test_neu_f1": 0.6760857349281528,
                "test_neu_precision": 0.6458588957055215,
                "test_neu_recall": 0.709280781539498,
                "test_pos_f1": 0.6138655462184874,
                "test_pos_precision": 0.6125786163522012,
                "test_pos_recall": 0.6151578947368421,
                "test_micro_f1": 0.6486486486486487,
                "test_acc": 0.6486486486486487,
                "test_macro_f1": 0.6382094025611877,
                "test_macro_precision": 0.6459761261940002,
                "test_macro_recall": 0.634161651134491,
                "test_runtime": 21.591,
                "test_samples_per_second": 568.941,
                "test_steps_per_second": 35.57
            }
        ],
        "emotion": [
            {
                "test_loss": 1.439409852027893,
                "test_others_f1": 0.6256983240223464,
                "test_others_precision": 0.5809128630705395,
                "test_others_recall": 0.6779661016949152,
                "test_joy_f1": 0.6270161290322581,
                "test_joy_precision": 0.6452282157676349,
                "test_joy_recall": 0.6098039215686275,
                "test_sadness_f1": 0.4807692307692308,
                "test_sadness_precision": 0.4807692307692308,
                "test_sadness_recall": 0.4807692307692308,
                "test_anger_f1": 0.34355828220858897,
                "test_anger_precision": 0.4307692307692308,
                "test_anger_recall": 0.2857142857142857,
                "test_surprise_f1": 0.15517241379310345,
                "test_surprise_precision": 0.15789473684210525,
                "test_surprise_recall": 0.15254237288135594,
                "test_disgust_f1": 0.3614457831325301,
                "test_disgust_precision": 0.425531914893617,
                "test_disgust_recall": 0.31413612565445026,
                "test_fear_f1": 0.11764705882352941,
                "test_fear_precision": 0.23076923076923078,
                "test_fear_recall": 0.07894736842105263,
                "test_micro_f1": 0.559145673603505,
                "test_acc": 0.559145673603505,
                "test_macro_f1": 0.3873296082019806,
                "test_macro_precision": 0.4216964840888977,
                "test_macro_recall": 0.37141135334968567,
                "test_runtime": 5.4595,
                "test_samples_per_second": 334.464,
                "test_steps_per_second": 21.064
            },
            {
                "test_loss": 1.396840214729309,
                "test_others_f1": 0.6402234636871509,
                "test_others_precision": 0.5943983402489627,
                "test_others_recall": 0.6937046004842615,
                "test_joy_f1": 0.6569484936831876,
                "test_joy_precision": 0.651252408477842,
                "test_joy_recall": 0.6627450980392157,
                "test_sadness_f1": 0.4444444444444444,
                "test_sadness_precision": 0.44660194174757284,
                "test_sadness_recall": 0.4423076923076923,
                "test_anger_f1": 0.23684210526315788,
                "test_anger_precision": 0.3333333333333333,
                "test_anger_recall": 0.1836734693877551,
                "test_surprise_f1": 0.16666666666666669,
                "test_surprise_precision": 0.1836734693877551,