{
    "model": "BSC-TeMU/roberta-base-bne",
    "lang": "es",
    "train_args": {
        "epochs": 5,
        "batch_size": 32,
        "eval_batch_size": 16,
        "warmup_ratio": 0.1,
        "limit": null
    },
    "evaluations": {
        "hate_speech": [
            {
                "test_loss": 0.5183014869689941,
                "test_hs_f1": 0.7560321715817695,
                "test_hs_precision": 0.6778846153846154,
                "test_hs_recall": 0.8545454545454545,
                "test_tr_f1": 0.7799999999999999,
                "test_tr_precision": 0.8275862068965517,
                "test_tr_recall": 0.7375886524822695,
                "test_ag_f1": 0.7082494969818913,
                "test_ag_precision": 0.676923076923077,
                "test_ag_recall": 0.7426160337552743,
                "test_macro_hs_f1_score": 0.7714587087417044,
                "test_emr_no_gating": 0.66,
                "test_emr": 0.660625,
                "test_macro_f1": 0.7480939030647278,
                "test_macro_precision": 0.7274646759033203,
                "test_macro_recall": 0.7782500386238098,
                "test_runtime": 3.4551,
                "test_samples_per_second": 463.081,
                "test_steps_per_second": 28.943
            },
            {
                "test_loss": 0.5216422080993652,
                "test_hs_f1": 0.7579661016949152,
                "test_hs_precision": 0.6858895705521473,
                "test_hs_recall": 0.8469696969696969,
                "test_tr_f1": 0.7961859356376639,
                "test_tr_precision": 0.8028846153846154,
                "test_tr_recall": 0.789598108747045,
                "test_ag_f1": 0.7137096774193548,
                "test_ag_precision": 0.6833976833976834,
                "test_ag_recall": 0.7468354430379747,
                "test_macro_hs_f1_score": 0.7755047899778924,
                "test_emr_no_gating": 0.67125,
                "test_emr": 0.671875,
                "test_macro_f1": 0.755953848361969,
                "test_macro_precision": 0.7240572571754456,
                "test_macro_recall": 0.7944677472114563,
                "test_runtime": 3.64,
                "test_samples_per_second": 439.564,
                "test_steps_per_second": 27.473
            },
            {
                "test_loss": 0.5413621068000793,
                "test_hs_f1": 0.7589343729694608,
                "test_hs_precision": 0.664391353811149,
                "test_hs_recall": 0.8848484848484849,
                "test_tr_f1": 0.8042203985932004,
                "test_tr_precision": 0.7976744186046512,
                "test_tr_recall": 0.8108747044917257,
                "test_ag_f1": 0.6993524514338575,
                "test_ag_precision": 0.6227347611202636,
                "test_ag_recall": 0.7974683544303798,
                "test_macro_hs_f1_score": 0.7677874754672711,
                "test_emr_no_gating": 0.655,
                "test_emr": 0.656875,
                "test_macro_f1": 0.7541690468788147,
                "test_macro_precision": 0.6949334740638733,
                "test_macro_recall": 0.8310638070106506,
                "test_runtime": 3.5843,
                "test_samples_per_second": 446.394,
                "test_steps_per_second": 27.9
            },
            {
                "test_loss": 0.6132340431213379,
                "test_hs_f1": 0.7553260167850226,
                "test_hs_precision": 0.6580427446569179,
                "test_hs_recall": 0.8863636363636364,
                "test_tr_f1": 0.7891637220259128,
                "test_tr_precision": 0.7863849765258216,
                "test_tr_recall": 0.7919621749408984,
                "test_ag_f1": 0.6735218508997429,
                "test_ag_precision": 0.5670995670995671,
                "test_ag_recall": 0.8291139240506329,
                "test_macro_hs_f1_score": 0.7628840865269753,
                "test_emr_no_gating": 0.648125,
                "test_emr": 0.648125,
                "test_macro_f1": 0.7393372058868408,
                "test_macro_precision": 0.6705090999603271,
                "test_macro_recall": 0.8358132243156433,
                "test_runtime": 3.6463,
                "test_samples_per_second": 438.805,
                "test_steps_per_second": 27.425
            }
        ],
        "sentiment": [
            {
                "test_loss": 1.6207566261291504,
                "test_neg_f1": 0.715868544600939,
                "test_neg_precision": 0.7988264878457669,
                "test_neg_recall": 0.6485199047294998,
                "test_neu_f1": 0.5541623843782117,
                "test_neu_precision": 0.46498792687133494,
                "test_neu_recall": 0.6856561546286877,
                "test_pos_f1": 0.7266021207929921,
                "test_pos_precision": 0.7963617988883275,
                "test_pos_recall": 0.6680796947859262,
                "test_micro_f1": 0.6649229074889867,
                "test_acc": 0.6649229074889867,
                "test_macro_f1": 0.665544331073761,
                "test_macro_precision": 0.6867254376411438,
                "test_macro_recall": 0.6674185395240784,
                "test_runtime": 9.821,
                "test_samples_per_second": 739.638,
                "test_steps_per_second": 46.227
            },
            {
                "test_loss": 1.4828094244003296,
                "test_neg_f1": 0.7238833517903285,
                "test_neg_precision": 0.7910447761194029,
                "test_neg_recall": 0.6672337529772031,
                "test_neu_f1": 0.5414977597610412,
                "test_neu_precision": 0.4663726571113561,
                "test_neu_recall": 0.645473041709054,
                "test_pos_f1": 0.7234908433190144,
                "test_pos_precision": 0.7751937984496124,
                "test_pos_recall": 0.6782534972445952,
                "test_micro_f1": 0.6649229074889867,
                "test_acc": 0.6649229074889867,
                "test_macro_f1": 0.6629573106765747,
                "test_macro_precision": 0.6775371432304382,
                "test_macro_recall": 0.6636534333229065,
                "test_runtime": 9.8685,
                "test_samples_per_second": 736.076,
                "test_steps_per_second": 46.005
            },
            {
                "test_loss": 1.5154871940612793,
                "test_neg_f1": 0.7303571428571428,
                "test_neg_precision": 0.7685080796692972,
                "test_neg_recall": 0.6958149030282409,
                "test_neu_f1": 0.5467279492230248,
                "test_neu_precision": 0.47983096427199384,
                "test_neu_recall": 0.6353001017293998,
                "test_pos_f1": 0.7249369121358109,
                "test_pos_precision": 0.79,
                "test_pos_recall": 0.6697753285290378,
                "test_micro_f1": 0.6709801762114538,
                "test_acc": 0.6709801762114538,
                "test_macro_f1": 0.6673406958580017,
                "test_macro_precision": 0.6794463992118835,
                "test_macro_recall": 0.6669633984565735,
                "test_runtime": 9.915,
                "test_samples_per_second": 732.631,
                "test_steps_per_second": 45.789
            },
            {
                "test_loss": 1.566692590713501,
                "test_neg_f1": 0.7316276537833425,
                "test_neg_precision": 0.7838258164852255,
                "test_neg_recall": 0.6859476012249064,
                "test_neu_f1": 0.5448620464914187,
                "test_neu_precision": 0.47554038680318544,
                "test_neu_recall": 0.6378433367243134,
                "test_pos_f1": 0.729497054825555,
                "test_pos_precision": 0.7834549878345499,
                "test_pos_recall": 0.6824925816023739,
                "test_micro_f1": 0.6718061674008811,
                "test_acc": 0.6718061674008811,
                "test_macro_f1": 0.6686622500419617,