{
    "model": "bert-base-uncased",
    "lang": "es",
    "train_args": {
        "epochs": 5,
        "batch_size": 32,
        "eval_batch_size": 16,
        "warmup_ratio": 0.1,
        "limit": null
    },
    "evaluations": {
        "ner": [
            {
                "test_loss": 0.08340828120708466,
                "test_precision": 0.5796624125154385,
                "test_recall": 0.5981308411214953,
                "test_macro_f1": 0.4369852510737041,
                "test_micro_f1": 0.5887518293957767,
                "test_accuracy": 0.9828973004511403,
                "test_EVENT_f1": 0.275,
                "test_EVENT_precision": 0.3235294117647059,
                "test_EVENT_recall": 0.2391304347826087,
                "test_GROUP_f1": 0.4848484848484849,
                "test_GROUP_precision": 0.49557522123893805,
                "test_GROUP_recall": 0.4745762711864407,
                "test_LOC_f1": 0.6704438149197356,
                "test_LOC_precision": 0.6478102189781022,
                "test_LOC_recall": 0.6947162426614482,
                "test_ORG_f1": 0.38162544169611307,
                "test_ORG_precision": 0.4186046511627907,
                "test_ORG_recall": 0.35064935064935066,
                "test_OTHER_f1": 0.2459016393442623,
                "test_OTHER_precision": 0.2631578947368421,
                "test_OTHER_recall": 0.23076923076923078,
                "test_PER_f1": 0.7279373368146215,
                "test_PER_precision": 0.7141393442622951,
                "test_PER_recall": 0.7422790202342918,
                "test_PROD_f1": 0.4690909090909091,
                "test_PROD_precision": 0.4387755102040816,
                "test_PROD_recall": 0.50390625,
                "test_TIME_f1": 0.3568075117370892,
                "test_TIME_precision": 0.3619047619047619,
                "test_TIME_recall": 0.35185185185185186,
                "test_TITLE_f1": 0.3212121212121212,
                "test_TITLE_precision": 0.3063583815028902,
                "test_TITLE_recall": 0.3375796178343949,
                "test_runtime": 21.4059,
                "test_samples_per_second": 471.132,
                "test_steps_per_second": 29.478
            },
            {
                "test_loss": 0.08518674224615097,
                "test_precision": 0.5818181818181818,
                "test_recall": 0.5981308411214953,
                "test_macro_f1": 0.4364113752803455,
                "test_micro_f1": 0.5898617511520738,
                "test_accuracy": 0.9826837120620135,
                "test_EVENT_f1": 0.28571428571428575,
                "test_EVENT_precision": 0.3157894736842105,
                "test_EVENT_recall": 0.2608695652173913,
                "test_GROUP_f1": 0.4621848739495798,
                "test_GROUP_precision": 0.4583333333333333,
                "test_GROUP_recall": 0.4661016949152542,
                "test_LOC_f1": 0.7000946073793756,
                "test_LOC_precision": 0.6776556776556777,
                "test_LOC_recall": 0.7240704500978473,
                "test_ORG_f1": 0.37209302325581395,
                "test_ORG_precision": 0.38095238095238093,
                "test_ORG_recall": 0.36363636363636365,
                "test_OTHER_f1": 0.24390243902439024,
                "test_OTHER_precision": 0.25862068965517243,
                "test_OTHER_recall": 0.23076923076923078,
                "test_PER_f1": 0.7254273504273504,
                "test_PER_precision": 0.7277599142550911,
                "test_PER_recall": 0.7231096911608094,
                "test_PROD_f1": 0.4714548802946593,
                "test_PROD_precision": 0.445993031358885,
                "test_PROD_recall": 0.5,
                "test_TIME_f1": 0.32863849765258213,
                "test_TIME_precision": 0.3333333333333333,
                "test_TIME_recall": 0.32407407407407407,
                "test_TITLE_f1": 0.33819241982507287,
                "test_TITLE_precision": 0.3118279569892473,
                "test_TITLE_recall": 0.36942675159235666,
                "test_runtime": 21.2672,
                "test_samples_per_second": 474.205,
                "test_steps_per_second": 29.67
            },
            {
                "test_loss": 0.08505495637655258,
                "test_precision": 0.5766666666666667,
                "test_recall": 0.5879354290569244,
                "test_macro_f1": 0.4301060557420607,
                "test_micro_f1": 0.5822465292385359,
                "test_accuracy": 0.9829546046531012,
                "test_EVENT_f1": 0.2558139534883721,
                "test_EVENT_precision": 0.275,
                "test_EVENT_recall": 0.2391304347826087,
                "test_GROUP_f1": 0.4608695652173913,
                "test_GROUP_precision": 0.4732142857142857,
                "test_GROUP_recall": 0.4491525423728814,
                "test_LOC_f1": 0.6875,
                "test_LOC_precision": 0.6660550458715596,
                "test_LOC_recall": 0.7103718199608611,
                "test_ORG_f1": 0.3525423728813559,
                "test_ORG_precision": 0.36879432624113473,
                "test_ORG_recall": 0.33766233766233766,
                "test_OTHER_f1": 0.25,
                "test_OTHER_precision": 0.2978723404255319,
                "test_OTHER_recall": 0.2153846153846154,
                "test_PER_f1": 0.7158789166224109,
                "test_PER_precision": 0.7139830508474576,
                "test_PER_recall": 0.7177848775292864,
                "test_PROD_f1": 0.4562043795620438,
                "test_PROD_precision": 0.4280821917808219,
                "test_PROD_recall": 0.48828125,
                "test_TIME_f1": 0.37305699481865284,
                "test_TIME_precision": 0.4235294117647059,
                "test_TIME_recall": 0.3333333333333333,
                "test_TITLE_f1": 0.31908831908831903,
                "test_TITLE_precision": 0.28865979381443296,
                "test_TITLE_recall": 0.35668789808917195,
                "test_runtime": 21.0301,
                "test_samples_per_second": 479.55,
                "test_steps_per_second": 30.005
            },
            {
                "test_loss": 0.08693844079971313,
                "test_precision": 0.5671521035598706,
                "test_recall": 0.5955819881053526,
                "test_macro_f1": 0.43377169948627503,
                "test_micro_f1": 0.5810194778284293,
                "test_accuracy": 0.9825222184019421,
                "test_EVENT_f1": 0.29545454545454547,
                "test_EVENT_precision": 0.30952380952380953,
                "test_EVENT_recall": 0.2826086956521739,
                "test_GROUP_f1": 0.46774193548387105,
                "test_GROUP_precision": 0.4461538461538462,
                "test_GROUP_recall": 0.4915254237288136,
                "test_LOC_f1": 0.6806883365200764,
                "test_LOC_precision": 0.6654205607476635,
                "test_LOC_recall": 0.6966731898238747,
                "test_ORG_f1": 0.380952380952381,
                "test_ORG_precision": 0.4,
                "test_ORG_recall": 0.36363636363636365,
                "test_OTHER_f1": 0.22058823529411764,
                "test_OTHER_precision": 0.2112676056338028,
                "test_OTHER_recall": 0.23076923076923078,
                "test_PER_f1": 0.7282434596903363,
                "test_PER_precision": 0.7301927194860813,
                "test_PER_recall": 0.7263045793397231,
                "test_PROD_f1": 0.4393673110720563,
                "test_PROD_precision": 0.3993610223642173,
                "test_PROD_recall": 0.48828125,
                "test_TIME_f1": 0.37272727272727274,
                "test_TIME_precision": 0.36607142857142855,
                "test_TIME_recall": 0.37962962962962965,
                "test_TITLE_f1": 0.3181818181818181,
                "test_TITLE_precision": 0.28717948717948716,
                "test_TITLE_recall": 0.35668789808917195,