{
    "model": "bert-base-multilingual-uncased",
    "lang": "es",
    "train_args": {
        "epochs": 5,
        "batch_size": 32,
        "eval_batch_size": 16,
        "warmup_ratio": 0.1,
        "limit": null
    },
    "evaluations": {
        "ner": [
            {
                "test_loss": 0.07135091722011566,
                "test_precision": 0.6000774293457221,
                "test_recall": 0.6584536958368734,
                "test_macro_f1": 0.4910257427598983,
                "test_micro_f1": 0.6279116872594693,
                "test_accuracy": 0.9822713212549713,
                "test_EVENT_f1": 0.4042553191489362,
                "test_EVENT_precision": 0.3958333333333333,
                "test_EVENT_recall": 0.41304347826086957,
                "test_GROUP_f1": 0.5511111111111111,
                "test_GROUP_precision": 0.5794392523364486,
                "test_GROUP_recall": 0.5254237288135594,
                "test_LOC_f1": 0.7029520295202951,
                "test_LOC_precision": 0.6649214659685864,
                "test_LOC_recall": 0.7455968688845401,
                "test_ORG_f1": 0.3648648648648649,
                "test_ORG_precision": 0.38028169014084506,
                "test_ORG_recall": 0.35064935064935066,
                "test_OTHER_f1": 0.3709677419354839,
                "test_OTHER_precision": 0.3898305084745763,
                "test_OTHER_recall": 0.35384615384615387,
                "test_PER_f1": 0.7626693426994481,
                "test_PER_precision": 0.7210626185958254,
                "test_PER_recall": 0.8093716719914803,
                "test_PROD_f1": 0.5143884892086332,
                "test_PROD_precision": 0.4766666666666667,
                "test_PROD_recall": 0.55859375,
                "test_TIME_f1": 0.34693877551020413,
                "test_TIME_precision": 0.38636363636363635,
                "test_TIME_recall": 0.3148148148148148,
                "test_TITLE_f1": 0.4010840108401084,
                "test_TITLE_precision": 0.3490566037735849,
                "test_TITLE_recall": 0.4713375796178344,
                "test_runtime": 19.0697,
                "test_samples_per_second": 528.85,
                "test_steps_per_second": 33.089
            },
            {
                "test_loss": 0.08210127055644989,
                "test_precision": 0.6078990228013029,
                "test_recall": 0.6342395921835174,
                "test_macro_f1": 0.47055742011676904,
                "test_micro_f1": 0.6207900207900208,
                "test_accuracy": 0.9830431580497864,
                "test_EVENT_f1": 0.27956989247311825,
                "test_EVENT_precision": 0.2765957446808511,
                "test_EVENT_recall": 0.2826086956521739,
                "test_GROUP_f1": 0.5241935483870969,
                "test_GROUP_precision": 0.5,
                "test_GROUP_recall": 0.5508474576271186,
                "test_LOC_f1": 0.7117988394584138,
                "test_LOC_precision": 0.7036328871892925,
                "test_LOC_recall": 0.7201565557729941,
                "test_ORG_f1": 0.4248366013071896,
                "test_ORG_precision": 0.4276315789473684,
                "test_ORG_recall": 0.42207792207792205,
                "test_OTHER_f1": 0.2764227642276423,
                "test_OTHER_precision": 0.29310344827586204,
                "test_OTHER_recall": 0.26153846153846155,
                "test_PER_f1": 0.7650444793301936,
                "test_PER_precision": 0.7520576131687243,
                "test_PER_recall": 0.7784877529286475,
                "test_PROD_f1": 0.4690909090909091,
                "test_PROD_precision": 0.4387755102040816,
                "test_PROD_recall": 0.50390625,
                "test_TIME_f1": 0.41624365482233505,
                "test_TIME_precision": 0.4606741573033708,
                "test_TIME_recall": 0.37962962962962965,
                "test_TITLE_f1": 0.367816091954023,
                "test_TITLE_precision": 0.33507853403141363,
                "test_TITLE_recall": 0.40764331210191085,
                "test_runtime": 19.5508,
                "test_samples_per_second": 515.836,
                "test_steps_per_second": 32.275
            }
        ]
    },
    "ner": []
}