{
    "model": "pysentimiento/robertuito-base-uncased",
    "lang": "es",
    "train_args": {
        "epochs": 5,
        "batch_size": 32,
        "eval_batch_size": 16,
        "warmup_ratio": 0.1,
        "limit": null
    },
    "evaluations": {
        "ner": [
            {
                "test_loss": 0.09092795103788376,
                "test_precision": 0.644500209117524,
                "test_recall": 0.6546304163126593,
                "test_macro_f1": 0.49140048063515684,
                "test_micro_f1": 0.6495258166491042,
                "test_accuracy": 0.9821678299144804,
                "test_EVENT_f1": 0.3333333333333333,
                "test_EVENT_precision": 0.3684210526315789,
                "test_EVENT_recall": 0.30434782608695654,
                "test_GROUP_f1": 0.5163934426229508,
                "test_GROUP_precision": 0.5,
                "test_GROUP_recall": 0.5338983050847458,
                "test_LOC_f1": 0.7258979206049149,
                "test_LOC_precision": 0.7020109689213894,
                "test_LOC_recall": 0.7514677103718199,
                "test_ORG_f1": 0.4641638225255973,
                "test_ORG_precision": 0.4892086330935252,
                "test_ORG_recall": 0.44155844155844154,
                "test_OTHER_f1": 0.2542372881355932,
                "test_OTHER_precision": 0.2830188679245283,
                "test_OTHER_recall": 0.23076923076923078,
                "test_PER_f1": 0.7943779281624155,
                "test_PER_precision": 0.7769857433808554,
                "test_PER_recall": 0.8125665601703941,
                "test_PROD_f1": 0.4818355640535372,
                "test_PROD_precision": 0.47191011235955055,
                "test_PROD_recall": 0.4921875,
                "test_TIME_f1": 0.4175824175824176,
                "test_TIME_precision": 0.5135135135135135,
                "test_TIME_recall": 0.35185185185185186,
                "test_TITLE_f1": 0.4347826086956522,
                "test_TITLE_precision": 0.42424242424242425,
                "test_TITLE_recall": 0.445859872611465,
                "test_runtime": 18.663,
                "test_samples_per_second": 540.374,
                "test_steps_per_second": 33.81
            },
            {
                "test_loss": 0.08256617188453674,
                "test_precision": 0.6191398682681132,
                "test_recall": 0.6788445199660152,
                "test_macro_f1": 0.4991927347928309,
                "test_micro_f1": 0.6476190476190475,
                "test_accuracy": 0.981574927981749,
                "test_EVENT_f1": 0.3368421052631579,
                "test_EVENT_precision": 0.32653061224489793,
                "test_EVENT_recall": 0.34782608695652173,
                "test_GROUP_f1": 0.540084388185654,
                "test_GROUP_precision": 0.5378151260504201,
                "test_GROUP_recall": 0.5423728813559322,
                "test_LOC_f1": 0.7236842105263158,
                "test_LOC_precision": 0.6962025316455697,
                "test_LOC_recall": 0.7534246575342466,
                "test_ORG_f1": 0.42985074626865666,
                "test_ORG_precision": 0.39779005524861877,
                "test_ORG_recall": 0.4675324675324675,
                "test_OTHER_f1": 0.28346456692913385,
                "test_OTHER_precision": 0.2903225806451613,
                "test_OTHER_recall": 0.27692307692307694,
                "test_PER_f1": 0.797338792221085,
                "test_PER_precision": 0.767487684729064,
                "test_PER_recall": 0.8296059637912673,
                "test_PROD_f1": 0.49466192170818507,
                "test_PROD_precision": 0.4542483660130719,
                "test_PROD_recall": 0.54296875,
                "test_TIME_f1": 0.43171806167400884,
                "test_TIME_precision": 0.4117647058823529,
                "test_TIME_recall": 0.4537037037037037,
                "test_TITLE_f1": 0.4550898203592814,
                "test_TITLE_precision": 0.4293785310734463,
                "test_TITLE_recall": 0.4840764331210191,
                "test_runtime": 18.3684,
                "test_samples_per_second": 549.04,
                "test_steps_per_second": 34.352
            },
            {
                "test_loss": 0.09263020008802414,
                "test_precision": 0.63484292125663,
                "test_recall": 0.6610025488530161,
                "test_macro_f1": 0.4883258810471196,
                "test_micro_f1": 0.6476586888657647,
                "test_accuracy": 0.9822451649491845,
                "test_EVENT_f1": 0.3255813953488372,
                "test_EVENT_precision": 0.35,
                "test_EVENT_recall": 0.30434782608695654,
                "test_GROUP_f1": 0.5158730158730158,
                "test_GROUP_precision": 0.48507462686567165,
                "test_GROUP_recall": 0.5508474576271186,
                "test_LOC_f1": 0.7442748091603054,
                "test_LOC_precision": 0.7262569832402235,
                "test_LOC_recall": 0.7632093933463796,
                "test_ORG_f1": 0.4503311258278146,
                "test_ORG_precision": 0.4594594594594595,
                "test_ORG_recall": 0.44155844155844154,
                "test_OTHER_f1": 0.27118644067796616,
                "test_OTHER_precision": 0.3018867924528302,
                "test_OTHER_recall": 0.24615384615384617,
                "test_PER_f1": 0.7890946502057613,
                "test_PER_precision": 0.7631840796019901,
                "test_PER_recall": 0.8168264110756124,
                "test_PROD_f1": 0.4731977818853974,
                "test_PROD_precision": 0.44912280701754387,
                "test_PROD_recall": 0.5,
                "test_TIME_f1": 0.3850267379679144,
                "test_TIME_precision": 0.45569620253164556,
                "test_TIME_recall": 0.3333333333333333,
                "test_TITLE_f1": 0.44036697247706424,
                "test_TITLE_precision": 0.4235294117647059,
                "test_TITLE_recall": 0.4585987261146497,
                "test_runtime": 18.3688,
                "test_samples_per_second": 549.03,
                "test_steps_per_second": 34.352
            },
            {
                "test_loss": 0.095763199031353,
                "test_precision": 0.6439834024896266,
                "test_recall": 0.659303313508921,
                "test_macro_f1": 0.48631751780732213,
                "test_micro_f1": 0.6515533165407222,
                "test_accuracy": 0.9825158375706488,
                "test_EVENT_f1": 0.3291139240506329,
                "test_EVENT_precision": 0.3939393939393939,
                "test_EVENT_recall": 0.2826086956521739,
                "test_GROUP_f1": 0.49792531120331945,
                "test_GROUP_precision": 0.4878048780487805,
                "test_GROUP_recall": 0.5084745762711864,
                "test_LOC_f1": 0.738519212746017,
                "test_LOC_precision": 0.7086330935251799,
                "test_LOC_recall": 0.7710371819960861,
                "test_ORG_f1": 0.46938775510204084,
                "test_ORG_precision": 0.4928571428571429,
                "test_ORG_recall": 0.44805194805194803,
                "test_OTHER_f1": 0.24999999999999994,
                "test_OTHER_precision": 0.2727272727272727,
                "test_OTHER_recall": 0.23076923076923078,
                "test_PER_f1": 0.7973251028806584,
                "test_PER_precision": 0.7711442786069652,
                "test_PER_recall": 0.825346112886049,
                "test_PROD_f1": 0.4671814671814672,
                "test_PROD_precision": 0.4618320610687023,
                "test_PROD_recall": 0.47265625,
                "test_TIME_f1": 0.39344262295081966,
                "test_TIME_precision": 0.48,
                "test_TIME_recall": 0.3333333333333333,
                "test_TITLE_f1": 0.4339622641509434,
                "test_TITLE_precision": 0.42857142857142855,