{
    "model": "pysentimiento/robertuito-base-deacc",
    "lang": "es",
    "train_args": {
        "epochs": 5,
        "batch_size": 32,
        "eval_batch_size": 16,
        "warmup_ratio": 0.1,
        "limit": null
    },
    "evaluations": {
        "ner": [
            {
                "test_loss": 0.08338772505521774,
                "test_precision": 0.6267885532591415,
                "test_recall": 0.6699235344095157,
                "test_macro_f1": 0.5086392255322479,
                "test_micro_f1": 0.6476386036960986,
                "test_accuracy": 0.9821459839813224,
                "test_EVENT_f1": 0.42592592592592593,
                "test_EVENT_precision": 0.3709677419354839,
                "test_EVENT_recall": 0.5,
                "test_GROUP_f1": 0.5569620253164557,
                "test_GROUP_precision": 0.5546218487394958,
                "test_GROUP_recall": 0.559322033898305,
                "test_LOC_f1": 0.7163904235727441,
                "test_LOC_precision": 0.6765217391304348,
                "test_LOC_recall": 0.761252446183953,
                "test_ORG_f1": 0.35294117647058826,
                "test_ORG_precision": 0.35526315789473684,
                "test_ORG_recall": 0.35064935064935066,
                "test_OTHER_f1": 0.3423423423423424,
                "test_OTHER_precision": 0.41304347826086957,
                "test_OTHER_recall": 0.2923076923076923,
                "test_PER_f1": 0.7884028484231943,
                "test_PER_precision": 0.7546251217137293,
                "test_PER_recall": 0.825346112886049,
                "test_PROD_f1": 0.52,
                "test_PROD_precision": 0.5327868852459017,
                "test_PROD_recall": 0.5078125,
                "test_TIME_f1": 0.4474885844748859,
                "test_TIME_precision": 0.44144144144144143,
                "test_TIME_recall": 0.4537037037037037,
                "test_TITLE_f1": 0.427299703264095,
                "test_TITLE_precision": 0.4,
                "test_TITLE_recall": 0.4585987261146497,
                "test_runtime": 18.4428,
                "test_samples_per_second": 546.826,
                "test_steps_per_second": 34.214
            },
            {
                "test_loss": 0.09013046324253082,
                "test_precision": 0.6291549859831799,
                "test_recall": 0.667374681393373,
                "test_macro_f1": 0.4873417212405707,
                "test_micro_f1": 0.6477015048443621,
                "test_accuracy": 0.9821719251597004,
                "test_EVENT_f1": 0.3132530120481928,
                "test_EVENT_precision": 0.35135135135135137,
                "test_EVENT_recall": 0.2826086956521739,
                "test_GROUP_f1": 0.5176470588235295,
                "test_GROUP_precision": 0.48175182481751827,
                "test_GROUP_recall": 0.559322033898305,
                "test_LOC_f1": 0.7383444338725025,
                "test_LOC_precision": 0.7185185185185186,
                "test_LOC_recall": 0.7592954990215264,
                "test_ORG_f1": 0.36986301369863017,
                "test_ORG_precision": 0.391304347826087,
                "test_ORG_recall": 0.35064935064935066,
                "test_OTHER_f1": 0.2748091603053435,
                "test_OTHER_precision": 0.2727272727272727,
                "test_OTHER_recall": 0.27692307692307694,
                "test_PER_f1": 0.7936344969199178,
                "test_PER_precision": 0.7661050545094152,
                "test_PER_recall": 0.8232161874334398,
                "test_PROD_f1": 0.5232974910394265,
                "test_PROD_precision": 0.48344370860927155,
                "test_PROD_recall": 0.5703125,
                "test_TIME_f1": 0.44102564102564107,
                "test_TIME_precision": 0.4942528735632184,
                "test_TIME_recall": 0.39814814814814814,
                "test_TITLE_f1": 0.41420118343195267,
                "test_TITLE_precision": 0.3867403314917127,
                "test_TITLE_recall": 0.445859872611465,
                "test_runtime": 18.4176,
                "test_samples_per_second": 547.573,
                "test_steps_per_second": 34.261
            },
            {
                "test_loss": 0.09328919649124146,
                "test_precision": 0.6307255776246453,
                "test_recall": 0.6610025488530161,
                "test_macro_f1": 0.4879954589890276,
                "test_micro_f1": 0.6455092304501141,
                "test_accuracy": 0.9823535134083465,
                "test_EVENT_f1": 0.28571428571428564,
                "test_EVENT_precision": 0.28888888888888886,
                "test_EVENT_recall": 0.2826086956521739,
                "test_GROUP_f1": 0.5418326693227091,
                "test_GROUP_precision": 0.5112781954887218,
                "test_GROUP_recall": 0.576271186440678,
                "test_LOC_f1": 0.7279693486590039,
                "test_LOC_precision": 0.7129455909943715,
                "test_LOC_recall": 0.7436399217221135,
                "test_ORG_f1": 0.36986301369863017,
                "test_ORG_precision": 0.391304347826087,
                "test_ORG_recall": 0.35064935064935066,
                "test_OTHER_f1": 0.2698412698412698,
                "test_OTHER_precision": 0.2786885245901639,
                "test_OTHER_recall": 0.26153846153846155,
                "test_PER_f1": 0.7862281603288798,
                "test_PER_precision": 0.759682224428997,
                "test_PER_recall": 0.8146964856230032,
                "test_PROD_f1": 0.5151515151515151,
                "test_PROD_precision": 0.5,
                "test_PROD_recall": 0.53125,
                "test_TIME_f1": 0.42512077294685985,
                "test_TIME_precision": 0.4444444444444444,
                "test_TIME_recall": 0.4074074074074074,
                "test_TITLE_f1": 0.47023809523809523,
                "test_TITLE_precision": 0.441340782122905,
                "test_TITLE_recall": 0.5031847133757962,
                "test_runtime": 18.365,
                "test_samples_per_second": 549.142,
                "test_steps_per_second": 34.359
            },
            {
                "test_loss": 0.09204764664173126,
                "test_precision": 0.6273018414731786,
                "test_recall": 0.6656754460492779,
                "test_macro_f1": 0.4903356814264762,
                "test_micro_f1": 0.6459192085737839,
                "test_accuracy": 0.9820876163299718,
                "test_EVENT_f1": 0.3529411764705882,
                "test_EVENT_precision": 0.38461538461538464,
                "test_EVENT_recall": 0.32608695652173914,
                "test_GROUP_f1": 0.5390625,
                "test_GROUP_precision": 0.5,
                "test_GROUP_recall": 0.5847457627118644,
                "test_LOC_f1": 0.7269338303821062,
                "test_LOC_precision": 0.693950177935943,
                "test_LOC_recall": 0.7632093933463796,
                "test_ORG_f1": 0.38666666666666666,
                "test_ORG_precision": 0.3972602739726027,
                "test_ORG_recall": 0.37662337662337664,
                "test_OTHER_f1": 0.256,
                "test_OTHER_precision": 0.26666666666666666,
                "test_OTHER_recall": 0.24615384615384617,
                "test_PER_f1": 0.7864823348694316,
                "test_PER_precision": 0.757396449704142,
                "test_PER_recall": 0.8178913738019169,
                "test_PROD_f1": 0.5235404896421847,
                "test_PROD_precision": 0.5054545454545455,
                "test_PROD_recall": 0.54296875,
                "test_TIME_f1": 0.41025641025641024,
                "test_TIME_precision": 0.45977011494252873,
                "test_TIME_recall": 0.37037037037037035,
                "test_TITLE_f1": 0.4311377245508982,
                "test_TITLE_precision": 0.4067796610169492,
                "test_TITLE_recall": 0.4585987261146497,
                "test_runtime": 18.5142,