{
    "model": "xlm-roberta-base",
    "lang": "es",
    "train_args": {
        "epochs": 5,
        "batch_size": 32,
        "eval_batch_size": 16,
        "warmup_ratio": 0.1,
        "limit": null
    },
    "evaluations": {
        "ner": [
            {
                "test_loss": 0.0868099108338356,
                "test_precision": 0.6011372867587328,
                "test_recall": 0.6287170773152082,
                "test_macro_f1": 0.47094361964638026,
                "test_micro_f1": 0.6146179401993356,
                "test_accuracy": 0.9801880921098126,
                "test_EVENT_f1": 0.42857142857142855,
                "test_EVENT_precision": 0.47368421052631576,
                "test_EVENT_recall": 0.391304347826087,
                "test_GROUP_f1": 0.45188284518828453,
                "test_GROUP_precision": 0.4462809917355372,
                "test_GROUP_recall": 0.4576271186440678,
                "test_LOC_f1": 0.7078972407231208,
                "test_LOC_precision": 0.6888888888888889,
                "test_LOC_recall": 0.7279843444227005,
                "test_ORG_f1": 0.3856209150326797,
                "test_ORG_precision": 0.3881578947368421,
                "test_ORG_recall": 0.38311688311688313,
                "test_OTHER_f1": 0.2809917355371901,
                "test_OTHER_precision": 0.30357142857142855,
                "test_OTHER_recall": 0.26153846153846155,
                "test_PER_f1": 0.7602523659305993,
                "test_PER_precision": 0.7507788161993769,
                "test_PER_recall": 0.7699680511182109,
                "test_PROD_f1": 0.4680851063829787,
                "test_PROD_precision": 0.42857142857142855,
                "test_PROD_recall": 0.515625,
                "test_TIME_f1": 0.3608247422680413,
                "test_TIME_precision": 0.4069767441860465,
                "test_TIME_recall": 0.32407407407407407,
                "test_TITLE_f1": 0.3943661971830986,
                "test_TITLE_precision": 0.35353535353535354,
                "test_TITLE_recall": 0.445859872611465,
                "test_runtime": 19.8814,
                "test_samples_per_second": 507.258,
                "test_steps_per_second": 31.738
            },
            {
                "test_loss": 0.08495048433542252,
                "test_precision": 0.600896860986547,
                "test_recall": 0.6261682242990654,
                "test_macro_f1": 0.46337882580851036,
                "test_micro_f1": 0.6132723112128146,
                "test_accuracy": 0.9808911324712445,
                "test_EVENT_f1": 0.30434782608695654,
                "test_EVENT_precision": 0.30434782608695654,
                "test_EVENT_recall": 0.30434782608695654,
                "test_GROUP_f1": 0.5,
                "test_GROUP_precision": 0.45774647887323944,
                "test_GROUP_recall": 0.5508474576271186,
                "test_LOC_f1": 0.7035957240038873,
                "test_LOC_precision": 0.6988416988416989,
                "test_LOC_recall": 0.7084148727984344,
                "test_ORG_f1": 0.42524916943521596,
                "test_ORG_precision": 0.43537414965986393,
                "test_ORG_recall": 0.4155844155844156,
                "test_OTHER_f1": 0.29357798165137616,
                "test_OTHER_precision": 0.36363636363636365,
                "test_OTHER_recall": 0.24615384615384617,
                "test_PER_f1": 0.7542194092827004,
                "test_PER_precision": 0.7471264367816092,
                "test_PER_recall": 0.7614483493077743,
                "test_PROD_f1": 0.4868651488616462,
                "test_PROD_precision": 0.44126984126984126,
                "test_PROD_recall": 0.54296875,
                "test_TIME_f1": 0.31527093596059114,
                "test_TIME_precision": 0.3368421052631579,
                "test_TIME_recall": 0.2962962962962963,
                "test_TITLE_f1": 0.3872832369942196,
                "test_TITLE_precision": 0.3544973544973545,
                "test_TITLE_recall": 0.4267515923566879,
                "test_runtime": 19.7866,
                "test_samples_per_second": 509.688,
                "test_steps_per_second": 31.89
            }
        ]
    },
    "ner": []
}