{
    "model": "ffn",
    "lang": "es",
    "train_args": {
        "epochs": 5,
        "batch_size": 32,
        "eval_batch_size": 16,
        "warmup_ratio": 0.1,
        "limit": null,
        "embeddings_path": "embeddings/cc.es.300.bin"
    },
    "evaluations": {
        "irony": [
            {
                "test_neg_f1": 0.801091730594635,
                "test_neg_precision": 0.686211347579956,
                "test_neg_recall": 0.970718502998352,
                "test_neu_f1": 0.17117440700531006,
                "test_neu_precision": 0.5297778248786926,
                "test_neu_recall": 0.10866419225931168,
                "test_pos_f1": 0.0,
                "test_pos_precision": 0.0,
                "test_pos_recall": 0.0,
                "test_micro_f1": 0.6833333373069763,
                "test_acc": 0.6833333373069763,
                "test_macro_f1": 0.32408881187438965,
                "test_macro_precision": 0.4053296446800232,
                "test_macro_recall": 0.3597942292690277
            },
            {
                "test_neg_f1": 0.799625039100647,
                "test_neg_precision": 0.683844268321991,
                "test_neg_recall": 0.9716073870658875,
                "test_neu_f1": 0.1538410633802414,
                "test_neu_precision": 0.4616296589374542,
                "test_neu_recall": 0.09828720986843109,
                "test_pos_f1": 0.0,
                "test_pos_precision": 0.0,
                "test_pos_recall": 0.0,
                "test_micro_f1": 0.6800000071525574,
                "test_acc": 0.6800000071525574,
                "test_macro_f1": 0.317822128534317,
                "test_macro_precision": 0.3818246126174927,
                "test_macro_recall": 0.3566315472126007
            },
            {
                "test_neg_f1": 0.8001682758331299,
                "test_neg_precision": 0.6846286058425903,
                "test_neg_recall": 0.9716073870658875,
                "test_neu_f1": 0.15935739874839783,
                "test_neu_precision": 0.48237040638923645,
                "test_neu_recall": 0.10163003951311111,
                "test_pos_f1": 0.0,
                "test_pos_precision": 0.0,
                "test_pos_recall": 0.0,
                "test_micro_f1": 0.6811110973358154,
                "test_acc": 0.6811110973358154,
                "test_macro_f1": 0.31984201073646545,
                "test_macro_precision": 0.38899970054626465,
                "test_macro_recall": 0.35774582624435425
            },
            {
                "test_neg_f1": 0.8006230592727661,
                "test_neg_precision": 0.6859661340713501,
                "test_neg_recall": 0.969782829284668,
                "test_neu_f1": 0.17102625966072083,
                "test_neu_precision": 0.5268148183822632,
                "test_neu_recall": 0.10866419225931168,
                "test_pos_f1": 0.0,
                "test_pos_precision": 0.0,
                "test_pos_recall": 0.0,
                "test_micro_f1": 0.6827777624130249,
                "test_acc": 0.6827777624130249,
                "test_macro_f1": 0.3238832354545593,
                "test_macro_precision": 0.4042602479457855,
                "test_macro_recall": 0.3594823479652405
            },
            {
                "test_neg_f1": 0.8015270829200745,
                "test_neg_precision": 0.6864156723022461,
                "test_neg_recall": 0.9716073870658875,
                "test_neu_f1": 0.17151302099227905,
                "test_neu_precision": 0.535703718662262,
                "test_neu_recall": 0.10866419225931168,
                "test_pos_f1": 0.0,
                "test_pos_precision": 0.0,
                "test_pos_recall": 0.0,
                "test_micro_f1": 0.6838889122009277,
                "test_acc": 0.6838889122009277,
                "test_macro_f1": 0.3243468105792999,
                "test_macro_precision": 0.4073731005191803,
                "test_macro_recall": 0.3600905239582062
            },
            {
                "test_neg_f1": 0.7998934984207153,
                "test_neg_precision": 0.6841991543769836,
                "test_neg_recall": 0.9716073870658875,
                "test_neu_f1": 0.15683183073997498,
                "test_neu_precision": 0.4794074296951294,
                "test_neu_recall": 0.09976869076490402,
                "test_pos_f1": 0.0,
                "test_pos_precision": 0.0,
                "test_pos_recall": 0.0,
                "test_micro_f1": 0.6805555820465088,
                "test_acc": 0.6805555820465088,
                "test_macro_f1": 0.31890854239463806,
                "test_macro_precision": 0.38786885142326355,
                "test_macro_recall": 0.3571253716945648
            },
            {
                "test_neg_f1": 0.8006936311721802,
                "test_neg_precision": 0.6852702498435974,
                "test_neg_recall": 0.9716073870658875,
                "test_neu_f1": 0.1641259640455246,
                "test_neu_precision": 0.5179259777069092,
                "test_neu_recall": 0.10402221977710724,
                "test_pos_f1": 0.0,
                "test_pos_precision": 0.0,
                "test_pos_recall": 0.0,
                "test_micro_f1": 0.6822222471237183,
                "test_acc": 0.6822222471237183,
                "test_macro_f1": 0.3216066062450409,
                "test_macro_precision": 0.4010653495788574,
                "test_macro_recall": 0.3585432171821594
            },
            {
                "test_neg_f1": 0.8012474775314331,
                "test_neg_precision": 0.6860682964324951,
                "test_neg_recall": 0.9716073870658875,
                "test_neu_f1": 0.16977012157440186,
                "test_neu_precision": 0.535703718662262,
                "test_neu_recall": 0.10747901350259781,
                "test_pos_f1": 0.0,
                "test_pos_precision": 0.0,
                "test_pos_recall": 0.0,
                "test_micro_f1": 0.6833333373069763,
                "test_acc": 0.6833333373069763,
                "test_macro_f1": 0.32367265224456787,
                "test_macro_precision": 0.4072573482990265,
                "test_macro_recall": 0.3596954941749573
            },
            {
                "test_neg_f1": 0.799633800983429,
                "test_neg_precision": 0.6849709749221802,
                "test_neg_recall": 0.9689362645149231,
                "test_neu_f1": 0.16504348814487457,
                "test_neu_precision": 0.506074070930481,
                "test_neu_recall": 0.1052073985338211,
                "test_pos_f1": 0.0,
                "test_pos_precision": 0.0,
                "test_pos_recall": 0.0,
                "test_micro_f1": 0.6811110973358154,
                "test_acc": 0.6811110973358154,
                "test_macro_f1": 0.32155922055244446,
                "test_macro_precision": 0.3970149755477905,
                "test_macro_recall": 0.3580479025840759
            },
            {
                "test_neg_f1": 0.8009793162345886,
                "test_neg_precision": 0.6857098937034607,
                "test_neg_recall": 0.9716073870658875,
                "test_neu_f1": 0.1670350581407547,
                "test_neu_precision": 0.5179259777069092,
                "test_neu_recall": 0.10599752515554428,
                "test_pos_f1": 0.0,
                "test_pos_precision": 0.0,
                "test_pos_recall": 0.0,
                "test_micro_f1": 0.6827777624130249,
                "test_acc": 0.6827777624130249,
                "test_macro_f1": 0.3226715624332428,
                "test_macro_precision": 0.4012118875980377,
                "test_macro_recall": 0.35920166969299316
            }
        ]
    }
}