{
    "model": "dccuchile/bert-base-spanish-wwm-uncased",
    "lang": "es",
    "train_args": {
        "epochs": 5,
        "batch_size": 32,
        "eval_batch_size": 16,
        "warmup_ratio": 0.1,
        "limit": null,
        "task_b": true
    },
    "evaluations": {
        "hate_speech": [
            {
                "eval_loss": 0.5891956090927124,
                "eval_hs_f1": 0.7542315504400813,
                "eval_hs_precision": 0.6817625458996328,
                "eval_hs_recall": 0.843939393939394,
                "eval_tr_f1": 0.7608695652173912,
                "eval_tr_precision": 0.7777777777777778,
                "eval_tr_recall": 0.7446808510638298,
                "eval_ag_f1": 0.6935638808837656,
                "eval_ag_precision": 0.63668430335097,
                "eval_ag_recall": 0.7616033755274262,
                "eval_macro_hs_f1_score": 0.7717762511341439,
                "eval_emr_no_gating": 0.67,
                "eval_emr": 0.67,
                "eval_macro_f1": 0.7362217307090759,
                "eval_macro_precision": 0.698741614818573,
                "eval_macro_recall": 0.7834078669548035,
                "eval_runtime": 3.0758,
                "eval_samples_per_second": 520.192,
                "eval_steps_per_second": 32.512,
                "epoch": 5.0
            },
            {
                "eval_loss": 0.5977587699890137,
                "eval_hs_f1": 0.7328348062542487,
                "eval_hs_precision": 0.6646115906288532,
                "eval_hs_recall": 0.8166666666666667,
                "eval_tr_f1": 0.7453416149068323,
                "eval_tr_precision": 0.7853403141361257,
                "eval_tr_recall": 0.7092198581560284,
                "eval_ag_f1": 0.6861030126336249,
                "eval_ag_precision": 0.6360360360360361,
                "eval_ag_recall": 0.7447257383966245,
                "eval_macro_hs_f1_score": 0.7527678947407739,
                "eval_emr_no_gating": 0.65,
                "eval_emr": 0.651875,
                "eval_macro_f1": 0.7214264869689941,
                "eval_macro_precision": 0.6953293681144714,
                "eval_macro_recall": 0.7568707466125488,
                "eval_runtime": 3.2729,
                "eval_samples_per_second": 488.866,
                "eval_steps_per_second": 30.554,
                "epoch": 5.0
            },
            {
                "eval_loss": 0.6238207221031189,
                "eval_hs_f1": 0.7313237221494102,
                "eval_hs_precision": 0.6443418013856813,
                "eval_hs_recall": 0.8454545454545455,
                "eval_tr_f1": 0.7561260210035007,
                "eval_tr_precision": 0.7465437788018433,
                "eval_tr_recall": 0.7659574468085106,
                "eval_ag_f1": 0.6820276497695853,
                "eval_ag_precision": 0.6055646481178396,
                "eval_ag_recall": 0.7805907172995781,
                "eval_macro_hs_f1_score": 0.7432006902264374,
                "eval_emr_no_gating": 0.636875,
                "eval_emr": 0.638125,
                "eval_macro_f1": 0.72315913438797,
                "eval_macro_precision": 0.6654834151268005,
                "eval_macro_recall": 0.7973342537879944,
                "eval_runtime": 3.1603,
                "eval_samples_per_second": 506.287,
                "eval_steps_per_second": 31.643,
                "epoch": 5.0
            },
            {
                "eval_loss": 0.44192641973495483,
                "eval_hs_f1": 0.7291066282420748,
                "eval_hs_precision": 0.695054945054945,
                "eval_hs_recall": 0.7666666666666667,
                "eval_tr_f1": 0.7359413202933986,
                "eval_tr_precision": 0.7620253164556962,
                "eval_tr_recall": 0.7115839243498818,
                "eval_ag_f1": 0.6803455723542117,
                "eval_ag_precision": 0.6969026548672567,
                "eval_ag_recall": 0.6645569620253164,
                "eval_macro_hs_f1_score": 0.760800554739139,
                "eval_emr_no_gating": 0.68125,
                "eval_emr": 0.681875,
                "eval_macro_f1": 0.7151311039924622,
                "eval_macro_precision": 0.7179942727088928,
                "eval_macro_recall": 0.7142691612243652,
                "eval_runtime": 3.3367,
                "eval_samples_per_second": 479.522,
                "eval_steps_per_second": 29.97,
                "epoch": 5.0
            },
            {
                "eval_loss": 0.598814070224762,
                "eval_hs_f1": 0.7429322813938198,
                "eval_hs_precision": 0.6562137049941928,
                "eval_hs_recall": 0.8560606060606061,
                "eval_tr_f1": 0.7742718446601942,
                "eval_tr_precision": 0.7955112219451371,
                "eval_tr_recall": 0.7541371158392435,
                "eval_ag_f1": 0.7018518518518517,
                "eval_ag_precision": 0.6254125412541254,
                "eval_ag_recall": 0.79957805907173,
                "eval_macro_hs_f1_score": 0.7550277845325264,
                "eval_emr_no_gating": 0.645625,
                "eval_emr": 0.64625,
                "eval_macro_f1": 0.7396852970123291,
                "eval_macro_precision": 0.6923791766166687,
                "eval_macro_recall": 0.8032585978507996,
                "eval_runtime": 3.3327,
                "eval_samples_per_second": 480.09,
                "eval_steps_per_second": 30.006,
                "epoch": 5.0
            },
            {
                "eval_loss": 0.5627948641777039,
                "eval_hs_f1": 0.7484828051247471,
                "eval_hs_precision": 0.6743620899149453,
                "eval_hs_recall": 0.8409090909090909,
                "eval_tr_f1": 0.7695961995249406,
                "eval_tr_precision": 0.7732696897374701,
                "eval_tr_recall": 0.7659574468085106,
                "eval_ag_f1": 0.6955719557195572,
                "eval_ag_precision": 0.6180327868852459,
                "eval_ag_recall": 0.7953586497890295,
                "eval_macro_hs_f1_score": 0.765621717064412,
                "eval_emr_no_gating": 0.66125,
                "eval_emr": 0.661875,
                "eval_macro_f1": 0.7378836274147034,
                "eval_macro_precision": 0.6885549426078796,
                "eval_macro_recall": 0.8007417321205139,
                "eval_runtime": 3.3351,
                "eval_samples_per_second": 479.745,
                "eval_steps_per_second": 29.984,
                "epoch": 5.0
            },
            {
                "eval_loss": 0.5135510563850403,
                "eval_hs_f1": 0.7494795281054822,
                "eval_hs_precision": 0.6914212548015365,
                "eval_hs_recall": 0.8181818181818182,
                "eval_tr_f1": 0.7600487210718635,
                "eval_tr_precision": 0.7839195979899497,
                "eval_tr_recall": 0.7375886524822695,
                "eval_ag_f1": 0.6624662466246624,
                "eval_ag_precision": 0.5777080062794349,
                "eval_ag_recall": 0.7763713080168776,
                "eval_macro_hs_f1_score": 0.7721246418242022,
                "eval_emr_no_gating": 0.669375,
                "eval_emr": 0.67,
                "eval_macro_f1": 0.7239981293678284,
                "eval_macro_precision": 0.6843495965003967,
                "eval_macro_recall": 0.7773805260658264,
                "eval_runtime": 3.3203,
                "eval_samples_per_second": 481.883,
                "eval_steps_per_second": 30.118,
                "epoch": 5.0
            },
            {
                "eval_loss": 0.49124613404273987,
                "eval_hs_f1": 0.7543103448275862,
                "eval_hs_precision": 0.7172131147540983,
                "eval_hs_recall": 0.7954545454545454,
                "eval_tr_f1": 0.7727272727272726,
                "eval_tr_precision": 0.7820823244552058,
                "eval_tr_recall": 0.7635933806146572,