{
    "model": "dccuchile/bert-base-spanish-wwm-uncased",
    "lang": "es",
    "train_args": {
        "epochs": 5,
        "batch_size": 32,
        "eval_batch_size": 16,
        "warmup_ratio": 0.1,
        "limit": null,
        "task_b": true,
        "hierarchical": true
    },
    "evaluations": {
        "hate_speech": [
            {
                "eval_loss": 17.995197296142578,
                "eval_hs_f1": 0.7393501805054151,
                "eval_hs_precision": 0.7062068965517241,
                "eval_hs_recall": 0.7757575757575758,
                "eval_tr_f1": 0.7454350161117079,
                "eval_tr_precision": 0.6830708661417323,
                "eval_tr_recall": 0.8203309692671394,
                "eval_ag_f1": 0.6503791069924179,
                "eval_ag_precision": 0.541374474053296,
                "eval_ag_recall": 0.8143459915611815,
                "eval_macro_hs_f1_score": 0.7702260544400354,
                "eval_emr_no_gating": 0.29,
                "eval_emr": 0.683125,
                "eval_macro_f1": 0.7117214202880859,
                "eval_macro_precision": 0.6435506939888,
                "eval_macro_recall": 0.8034781813621521,
                "eval_runtime": 3.0805,
                "eval_samples_per_second": 519.392,
                "eval_steps_per_second": 32.462,
                "epoch": 5.0
            },
            {
                "eval_loss": 20.914899826049805,
                "eval_hs_f1": 0.7456445993031359,
                "eval_hs_precision": 0.6903225806451613,
                "eval_hs_recall": 0.8106060606060606,
                "eval_tr_f1": 0.7647058823529411,
                "eval_tr_precision": 0.7611241217798594,
                "eval_tr_recall": 0.7683215130023641,
                "eval_ag_f1": 0.6925925925925925,
                "eval_ag_precision": 0.6171617161716172,
                "eval_ag_recall": 0.7890295358649789,
                "eval_macro_hs_f1_score": 0.7694228662238058,
                "eval_emr_no_gating": 0.446875,
                "eval_emr": 0.683125,
                "eval_macro_f1": 0.7343143820762634,
                "eval_macro_precision": 0.6895361542701721,
                "eval_macro_recall": 0.7893190383911133,
                "eval_runtime": 3.1873,
                "eval_samples_per_second": 501.99,
                "eval_steps_per_second": 31.374,
                "epoch": 5.0
            },
            {
                "eval_loss": 14.70761489868164,
                "eval_hs_f1": 0.7382657120127287,
                "eval_hs_precision": 0.7772194304857621,
                "eval_hs_recall": 0.703030303030303,
                "eval_tr_f1": 0.7652173913043478,
                "eval_tr_precision": 0.806282722513089,
                "eval_tr_recall": 0.7281323877068558,
                "eval_ag_f1": 0.6864244741873804,
                "eval_ag_precision": 0.6276223776223776,
                "eval_ag_recall": 0.7573839662447257,
                "eval_macro_hs_f1_score": 0.7844699635719845,
                "eval_emr_no_gating": 0.265625,
                "eval_emr": 0.718125,
                "eval_macro_f1": 0.7299692034721375,
                "eval_macro_precision": 0.7370414733886719,
                "eval_macro_recall": 0.729515552520752,
                "eval_runtime": 3.1694,
                "eval_samples_per_second": 504.826,
                "eval_steps_per_second": 31.552,
                "epoch": 5.0
            },
            {
                "eval_loss": 16.195085525512695,
                "eval_hs_f1": 0.7276887871853548,
                "eval_hs_precision": 0.7327188940092166,
                "eval_hs_recall": 0.7227272727272728,
                "eval_tr_f1": 0.7583046964490262,
                "eval_tr_precision": 0.7355555555555555,
                "eval_tr_recall": 0.7825059101654847,
                "eval_ag_f1": 0.6648599819331525,
                "eval_ag_precision": 0.5813586097946287,
                "eval_ag_recall": 0.7763713080168776,
                "eval_macro_hs_f1_score": 0.7693499520892364,
                "eval_emr_no_gating": 0.256875,
                "eval_emr": 0.700625,
                "eval_macro_f1": 0.7169511914253235,
                "eval_macro_precision": 0.6832110285758972,
                "eval_macro_recall": 0.7605348229408264,
                "eval_runtime": 3.3389,
                "eval_samples_per_second": 479.205,
                "eval_steps_per_second": 29.95,
                "epoch": 5.0
            },
            {
                "eval_loss": 19.245235443115234,
                "eval_hs_f1": 0.7434996486296556,
                "eval_hs_precision": 0.6933158584534731,
                "eval_hs_recall": 0.8015151515151515,
                "eval_tr_f1": 0.7674418604651163,
                "eval_tr_precision": 0.7551487414187643,
                "eval_tr_recall": 0.7801418439716312,
                "eval_ag_f1": 0.6860254083484574,
                "eval_ag_precision": 0.6019108280254777,
                "eval_ag_recall": 0.7974683544303798,
                "eval_macro_hs_f1_score": 0.7690486425478047,
                "eval_emr_no_gating": 0.440625,
                "eval_emr": 0.681875,
                "eval_macro_f1": 0.7323222756385803,
                "eval_macro_precision": 0.6834585070610046,
                "eval_macro_recall": 0.7930417656898499,
                "eval_runtime": 3.1406,
                "eval_samples_per_second": 509.457,
                "eval_steps_per_second": 31.841,
                "epoch": 5.0
            },
            {
                "eval_loss": 20.995811462402344,
                "eval_hs_f1": 0.7344632768361582,
                "eval_hs_precision": 0.6878306878306878,
                "eval_hs_recall": 0.7878787878787878,
                "eval_tr_f1": 0.7476851851851851,
                "eval_tr_precision": 0.7324263038548753,
                "eval_tr_recall": 0.7635933806146572,
                "eval_ag_f1": 0.6619469026548672,
                "eval_ag_precision": 0.5701219512195121,
                "eval_ag_recall": 0.7890295358649789,
                "eval_macro_hs_f1_score": 0.7618504724987966,
                "eval_emr_no_gating": 0.5325,
                "eval_emr": 0.674375,
                "eval_macro_f1": 0.7146984934806824,
                "eval_macro_precision": 0.6634595990180969,
                "eval_macro_recall": 0.780167281627655,
                "eval_runtime": 3.3264,
                "eval_samples_per_second": 481.003,
                "eval_steps_per_second": 30.063,
                "epoch": 5.0
            },
            {
                "eval_loss": 20.20808982849121,
                "eval_hs_f1": 0.7529411764705882,
                "eval_hs_precision": 0.6929936305732484,
                "eval_hs_recall": 0.8242424242424242,
                "eval_tr_f1": 0.7606635071090047,
                "eval_tr_precision": 0.7624703087885986,
                "eval_tr_recall": 0.7588652482269503,
                "eval_ag_f1": 0.6947565543071161,
                "eval_ag_precision": 0.6245791245791246,
                "eval_ag_recall": 0.7827004219409283,
                "eval_macro_hs_f1_score": 0.7747611865258924,
                "eval_emr_no_gating": 0.45375,
                "eval_emr": 0.686875,
                "eval_macro_f1": 0.7361204028129578,
                "eval_macro_precision": 0.693347692489624,
                "eval_macro_recall": 0.7886026501655579,
                "eval_runtime": 3.2201,
                "eval_samples_per_second": 496.879,
                "eval_steps_per_second": 31.055,
                "epoch": 5.0
            },
            {
                "eval_loss": 16.3885498046875,
                "eval_hs_f1": 0.7547703180212014,
                "eval_hs_precision": 0.7072847682119205,
                "eval_hs_recall": 0.8090909090909091,
                "eval_tr_f1": 0.7616926503340757,
                "eval_tr_precision": 0.72,