{
    "model": "finiteautomata/robertuito-base-uncased",
    "lang": "es",
    "train_args": {
        "epochs": 5,
        "batch_size": 32,
        "eval_batch_size": 16,
        "warmup_ratio": 0.1,
        "limit": null,
        "task_b": true,
        "hierarchical": true
    },
    "evaluations": {
        "hate_speech": [
            {
                "eval_loss": 12.263874053955078,
                "eval_hs_f1": 0.7796373779637378,
                "eval_hs_precision": 0.7222222222222222,
                "eval_hs_recall": 0.8469696969696969,
                "eval_tr_f1": 0.8115942028985507,
                "eval_tr_precision": 0.8296296296296296,
                "eval_tr_recall": 0.7943262411347518,
                "eval_ag_f1": 0.6910994764397905,
                "eval_ag_precision": 0.5892857142857143,
                "eval_ag_recall": 0.8354430379746836,
                "eval_macro_hs_f1_score": 0.8003509653125598,
                "eval_emr_no_gating": 0.40375,
                "eval_emr": 0.701875,
                "eval_macro_f1": 0.7607769966125488,
                "eval_macro_precision": 0.7137125134468079,
                "eval_macro_recall": 0.8255796432495117,
                "eval_runtime": 3.2094,
                "eval_samples_per_second": 498.539,
                "eval_steps_per_second": 31.159,
                "epoch": 5.0
            },
            {
                "eval_loss": 13.067985534667969,
                "eval_hs_f1": 0.7825503355704698,
                "eval_hs_precision": 0.7024096385542169,
                "eval_hs_recall": 0.8833333333333333,
                "eval_tr_f1": 0.8158844765342961,
                "eval_tr_precision": 0.8308823529411765,
                "eval_tr_recall": 0.8014184397163121,
                "eval_ag_f1": 0.6975568660488627,
                "eval_ag_precision": 0.5806451612903226,
                "eval_ag_recall": 0.8734177215189873,
                "eval_macro_hs_f1_score": 0.7965383256799718,
                "eval_emr_no_gating": 0.399375,
                "eval_emr": 0.689375,
                "eval_macro_f1": 0.7653305530548096,
                "eval_macro_precision": 0.7046456933021545,
                "eval_macro_recall": 0.8527231216430664,
                "eval_runtime": 3.4041,
                "eval_samples_per_second": 470.02,
                "eval_steps_per_second": 29.376,
                "epoch": 5.0
            },
            {
                "eval_loss": 15.48693561553955,
                "eval_hs_f1": 0.780185758513932,
                "eval_hs_precision": 0.7974683544303798,
                "eval_hs_recall": 0.7636363636363637,
                "eval_tr_f1": 0.8091236494597839,
                "eval_tr_precision": 0.8219512195121951,
                "eval_tr_recall": 0.7966903073286052,
                "eval_ag_f1": 0.6970802919708029,
                "eval_ag_precision": 0.6141479099678456,
                "eval_ag_recall": 0.8059071729957806,
                "eval_macro_hs_f1_score": 0.8156693991731085,
                "eval_emr_no_gating": 0.329375,
                "eval_emr": 0.73875,
                "eval_macro_f1": 0.7621299624443054,
                "eval_macro_precision": 0.7445225119590759,
                "eval_macro_recall": 0.7887446284294128,
                "eval_runtime": 3.264,
                "eval_samples_per_second": 490.197,
                "eval_steps_per_second": 30.637,
                "epoch": 5.0
            },
            {
                "eval_loss": 12.6779203414917,
                "eval_hs_f1": 0.7768479776847979,
                "eval_hs_precision": 0.7196382428940569,
                "eval_hs_recall": 0.843939393939394,
                "eval_tr_f1": 0.8205128205128206,
                "eval_tr_precision": 0.8484848484848485,
                "eval_tr_recall": 0.7943262411347518,
                "eval_ag_f1": 0.7014134275618373,
                "eval_ag_precision": 0.6033434650455927,
                "eval_ag_recall": 0.8375527426160337,
                "eval_macro_hs_f1_score": 0.7978237623418327,
                "eval_emr_no_gating": 0.379375,
                "eval_emr": 0.70375,
                "eval_macro_f1": 0.7662580609321594,
                "eval_macro_precision": 0.7238221764564514,
                "eval_macro_recall": 0.825272798538208,
                "eval_runtime": 3.4519,
                "eval_samples_per_second": 463.508,
                "eval_steps_per_second": 28.969,
                "epoch": 5.0
            },
            {
                "eval_loss": 13.717270851135254,
                "eval_hs_f1": 0.7825512227362856,
                "eval_hs_precision": 0.694021101992966,
                "eval_hs_recall": 0.896969696969697,
                "eval_tr_f1": 0.8115246098439377,
                "eval_tr_precision": 0.824390243902439,
                "eval_tr_recall": 0.7990543735224587,
                "eval_ag_f1": 0.6768982229402262,
                "eval_ag_precision": 0.5484293193717278,
                "eval_ag_recall": 0.8839662447257384,
                "eval_macro_hs_f1_score": 0.7937652379241594,
                "eval_emr_no_gating": 0.395,
                "eval_emr": 0.676875,
                "eval_macro_f1": 0.7569913864135742,
                "eval_macro_precision": 0.6889469027519226,
                "eval_macro_recall": 0.8599967956542969,
                "eval_runtime": 3.1835,
                "eval_samples_per_second": 502.594,
                "eval_steps_per_second": 31.412,
                "epoch": 5.0
            },
            {
                "eval_loss": 18.090065002441406,
                "eval_hs_f1": 0.7806267806267807,
                "eval_hs_precision": 0.7365591397849462,
                "eval_hs_recall": 0.8303030303030303,
                "eval_tr_f1": 0.8113207547169812,
                "eval_tr_precision": 0.8094117647058824,
                "eval_tr_recall": 0.8132387706855791,
                "eval_ag_f1": 0.733519034354689,
                "eval_ag_precision": 0.6550580431177446,
                "eval_ag_recall": 0.8333333333333334,
                "eval_macro_hs_f1_score": 0.8045672878635017,
                "eval_emr_no_gating": 0.4725,
                "eval_emr": 0.719375,
                "eval_macro_f1": 0.7751555442810059,
                "eval_macro_precision": 0.7336762547492981,
                "eval_macro_recall": 0.8256250023841858,
                "eval_runtime": 3.2513,
                "eval_samples_per_second": 492.111,
                "eval_steps_per_second": 30.757,
                "epoch": 5.0
            },
            {
                "eval_loss": 12.37042236328125,
                "eval_hs_f1": 0.7835051546391751,
                "eval_hs_precision": 0.7169811320754716,
                "eval_hs_recall": 0.8636363636363636,
                "eval_tr_f1": 0.8203883495145632,
                "eval_tr_precision": 0.8428927680798005,
                "eval_tr_recall": 0.7990543735224587,
                "eval_ag_f1": 0.7038327526132404,
                "eval_ag_precision": 0.599406528189911,
                "eval_ag_recall": 0.8523206751054853,
                "eval_macro_hs_f1_score": 0.8014946976634272,
                "eval_emr_no_gating": 0.436875,
                "eval_emr": 0.69625,
                "eval_macro_f1": 0.7692421078681946,
                "eval_macro_precision": 0.7197601199150085,
                "eval_macro_recall": 0.8383371233940125,
                "eval_runtime": 3.4467,
                "eval_samples_per_second": 464.21,
                "eval_steps_per_second": 29.013,
                "epoch": 5.0
            },
            {
                "eval_loss": 17.458162307739258,
                "eval_hs_f1": 0.7803468208092486,
                "eval_hs_precision": 0.7458563535911602,
                "eval_hs_recall": 0.8181818181818182,
                "eval_tr_f1": 0.8137603795966786,
                "eval_tr_precision": 0.8166666666666667,