{
    "model": "finiteautomata/robertuito-base-uncased",
    "lang": "es",
    "train_args": {
        "epochs": 5,
        "batch_size": 32,
        "eval_batch_size": 16,
        "warmup_ratio": 0.1,
        "limit": null,
        "task_b": true
    },
    "evaluations": {
        "hate_speech": [
            {
                "eval_loss": 0.4114023447036743,
                "eval_hs_f1": 0.7767503302509906,
                "eval_hs_precision": 0.6885245901639344,
                "eval_hs_recall": 0.8909090909090909,
                "eval_tr_f1": 0.801452784503632,
                "eval_tr_precision": 0.8213399503722084,
                "eval_tr_recall": 0.7825059101654847,
                "eval_ag_f1": 0.6999109528049866,
                "eval_ag_precision": 0.6055469953775039,
                "eval_ag_recall": 0.8291139240506329,
                "eval_macro_hs_f1_score": 0.7881379172014146,
                "eval_emr_no_gating": 0.66875,
                "eval_emr": 0.67,
                "eval_macro_f1": 0.7593713402748108,
                "eval_macro_precision": 0.7051371932029724,
                "eval_macro_recall": 0.8341763019561768,
                "eval_runtime": 3.1671,
                "eval_samples_per_second": 505.19,
                "eval_steps_per_second": 31.574,
                "epoch": 5.0
            },
            {
                "eval_loss": 0.5106598138809204,
                "eval_hs_f1": 0.7825464949928469,
                "eval_hs_precision": 0.7411924119241192,
                "eval_hs_recall": 0.8287878787878787,
                "eval_tr_f1": 0.8121951219512195,
                "eval_tr_precision": 0.8387909319899244,
                "eval_tr_recall": 0.7872340425531915,
                "eval_ag_f1": 0.7125984251968503,
                "eval_ag_precision": 0.6678966789667896,
                "eval_ag_recall": 0.7637130801687764,
                "eval_macro_hs_f1_score": 0.8069225260757797,
                "eval_emr_no_gating": 0.706875,
                "eval_emr": 0.706875,
                "eval_macro_f1": 0.7691133618354797,
                "eval_macro_precision": 0.749293327331543,
                "eval_macro_recall": 0.7932450175285339,
                "eval_runtime": 3.342,
                "eval_samples_per_second": 478.757,
                "eval_steps_per_second": 29.922,
                "epoch": 5.0
            },
            {
                "eval_loss": 0.4078654944896698,
                "eval_hs_f1": 0.7752956636005257,
                "eval_hs_precision": 0.6844547563805105,
                "eval_hs_recall": 0.8939393939393939,
                "eval_tr_f1": 0.8135593220338982,
                "eval_tr_precision": 0.8337468982630273,
                "eval_tr_recall": 0.7943262411347518,
                "eval_ag_f1": 0.6951219512195121,
                "eval_ag_precision": 0.5919881305637982,
                "eval_ag_recall": 0.8417721518987342,
                "eval_macro_hs_f1_score": 0.7857407996190948,
                "eval_emr_no_gating": 0.66375,
                "eval_emr": 0.664375,
                "eval_macro_f1": 0.7613256573677063,
                "eval_macro_precision": 0.7033965587615967,
                "eval_macro_recall": 0.8433458805084229,
                "eval_runtime": 3.3804,
                "eval_samples_per_second": 473.32,
                "eval_steps_per_second": 29.583,
                "epoch": 5.0
            },
            {
                "eval_loss": 0.39002516865730286,
                "eval_hs_f1": 0.7793814432989691,
                "eval_hs_precision": 0.7132075471698113,
                "eval_hs_recall": 0.8590909090909091,
                "eval_tr_f1": 0.8177458033573142,
                "eval_tr_precision": 0.829683698296837,
                "eval_tr_recall": 0.806146572104019,
                "eval_ag_f1": 0.711992445703494,
                "eval_ag_precision": 0.6444444444444445,
                "eval_ag_recall": 0.7953586497890295,
                "eval_macro_hs_f1_score": 0.7977136442855877,
                "eval_emr_no_gating": 0.693125,
                "eval_emr": 0.69375,
                "eval_macro_f1": 0.7697065472602844,
                "eval_macro_precision": 0.729111909866333,
                "eval_macro_recall": 0.8201987147331238,
                "eval_runtime": 3.426,
                "eval_samples_per_second": 467.012,
                "eval_steps_per_second": 29.188,
                "epoch": 5.0
            },
            {
                "eval_loss": 0.4179631471633911,
                "eval_hs_f1": 0.773298083278255,
                "eval_hs_precision": 0.6858147713950762,
                "eval_hs_recall": 0.8863636363636364,
                "eval_tr_f1": 0.8044009779951101,
                "eval_tr_precision": 0.8329113924050633,
                "eval_tr_recall": 0.7777777777777778,
                "eval_ag_f1": 0.7006255585344057,
                "eval_ag_precision": 0.6077519379844961,
                "eval_ag_recall": 0.8270042194092827,
                "eval_macro_hs_f1_score": 0.784989290601783,
                "eval_emr_no_gating": 0.67125,
                "eval_emr": 0.671875,
                "eval_macro_f1": 0.7594415545463562,
                "eval_macro_precision": 0.7088260650634766,
                "eval_macro_recall": 0.8303818702697754,
                "eval_runtime": 3.1997,
                "eval_samples_per_second": 500.044,
                "eval_steps_per_second": 31.253,
                "epoch": 5.0
            },
            {
                "eval_loss": 0.41621071100234985,
                "eval_hs_f1": 0.7763157894736842,
                "eval_hs_precision": 0.686046511627907,
                "eval_hs_recall": 0.8939393939393939,
                "eval_tr_f1": 0.8127208480565371,
                "eval_tr_precision": 0.8098591549295775,
                "eval_tr_recall": 0.8156028368794326,
                "eval_ag_f1": 0.7014134275618373,
                "eval_ag_precision": 0.6033434650455927,
                "eval_ag_recall": 0.8375527426160337,
                "eval_macro_hs_f1_score": 0.7869674185463659,
                "eval_emr_no_gating": 0.6725,
                "eval_emr": 0.673125,
                "eval_macro_f1": 0.7634833455085754,
                "eval_macro_precision": 0.6997497081756592,
                "eval_macro_recall": 0.8490316867828369,
                "eval_runtime": 3.2342,
                "eval_samples_per_second": 494.717,
                "eval_steps_per_second": 30.92,
                "epoch": 5.0
            },
            {
                "eval_loss": 0.3891788721084595,
                "eval_hs_f1": 0.7836734693877551,
                "eval_hs_precision": 0.7111111111111111,
                "eval_hs_recall": 0.8727272727272727,
                "eval_tr_f1": 0.8064918851435706,
                "eval_tr_precision": 0.8544973544973545,
                "eval_tr_recall": 0.7635933806146572,
                "eval_ag_f1": 0.7048138056312443,
                "eval_ag_precision": 0.6188197767145136,
                "eval_ag_recall": 0.8185654008438819,
                "eval_macro_hs_f1_score": 0.7999292202430105,
                "eval_emr_no_gating": 0.683125,
                "eval_emr": 0.685,
                "eval_macro_f1": 0.7649930119514465,
                "eval_macro_precision": 0.7281427383422852,
                "eval_macro_recall": 0.8182953000068665,
                "eval_runtime": 3.2856,
                "eval_samples_per_second": 486.97,
                "eval_steps_per_second": 30.436,
                "epoch": 5.0
            },
            {
                "eval_loss": 0.5536195635795593,
                "eval_hs_f1": 0.7667774086378737,
                "eval_hs_precision": 0.6828402366863905,
                "eval_hs_recall": 0.8742424242424243,
                "eval_tr_f1": 0.8051341890315052,
                "eval_tr_precision": 0.7949308755760369,